Id,IsDeleted,MasterRecordId,Name,Type,ParentId,BillingStreet,BillingCity,BillingState,BillingPostalCode,BillingCountry,BillingLatitude,BillingLongitude,BillingGeocodeAccuracy,BillingAddress,ShippingStreet,ShippingCity,ShippingState,ShippingPostalCode,ShippingCountry,ShippingLatitude,ShippingLongitude,ShippingGeocodeAccuracy,ShippingAddress,Phone,Fax,AccountNumber,Website,PhotoUrl,Sic,Industry,AnnualRevenue,NumberOfEmployees,Ownership,TickerSymbol,Description,Rating,Site,OwnerId,CreatedDate,CreatedById,LastModifiedDate,LastModifiedById,SystemModstamp,LastActivityDate,LastViewedDate,LastReferencedDate,Jigsaw,JigsawCompanyId,CleanStatus,AccountSource,DunsNumber,Tradestyle,NaicsCode,NaicsDesc,YearStarted,SicDesc,DandbCompanyId,OperatingHoursId
0010R00000wEjE3QAK,,,Burma Degrasse,Customer,,6010 London Dr,Sunset Valley,TX,78745,USA,,,,"{""city"":""Sunset Valley"",""country"":""USA"",""geocodeAccuracy"":null,""latitude"":null,""longitude"":null,""postalCode"":""78745"",""state"":""TX"",""street"":""6010 London Dr""}",6010 London Dr,Sunset Valley,TX,78745,USA,,,,"{""city"":""Sunset Valley"",""country"":""USA"",""geocodeAccuracy"":null,""latitude"":null,""longitude"":null,""postalCode"":""78745"",""state"":""TX"",""street"":""6010 London Dr""}",(555) 179-5978,,,,/services/images/photo/0010R00000wEjE3QAK,,,,,,,,,,0050R0000041BRPQA2,2020-01-29T21:51:00.000+0000,0050R0000041BRPQA2,2020-01-29T21:51:00.000+0000,0050R0000041BRPQA2,2020-01-29T21:51:00.000+0000,,,,,,Pending,,,,,,,,,
0010R00000wEjE4QAK,,,Divina Mari,Customer,,30208 Lookout Road,Paola,KS,66071,USA,,,,"{""city"":""Paola"",""country"":""USA"",""geocodeAccuracy"":null,""latitude"":null,""longitude"":null,""postalCode"":""66071"",""state"":""KS"",""street"":""30208 Lookout Road""}",30208 Lookout Road,Paola,KS,66071,USA,,,,"{""city"":""Paola"",""country"":""USA"",""geocodeAccuracy"":null,""latitude"":null,""longitude"":null,""postalCode"":""66071"",""state"":""KS"",""street"":""30208 Lookout Road""}",(555) 468-1760,,,,/services/images/photo/0010R00000wEjE4QAK,,,,,,,,,,0050R0000041BRPQA2,2020-01-29T21:51:00.000+0000,0050R0000041BRPQA2,2020-01-29T21:51:00.000+0000,0050R0000041BRPQA2,2020-01-29T21:51:00.000+0000,,,,,,Pending,,,,,,,,,
0010R00000wEjE5QAK,,,Sharita Mrotz,Customer,,111 West Illinois Street,Chicago,IL,60654,USA,,,,"{""city"":""Chicago"",""country"":""USA"",""geocodeAccuracy"":null,""latitude"":null,""longitude"":null,""postalCode"":""60654"",""state"":""IL"",""street"":""111 West Illinois Street""}",111 West Illinois Street,Chicago,IL,60654,USA,,,,"{""city"":""Chicago"",""country"":""USA"",""geocodeAccuracy"":null,""latitude"":null,""longitude"":null,""postalCode"":""60654"",""state"":""IL"",""street"":""111 West Illinois Street""}",(555) 152-5091,,,,/services/images/photo/0010R00000wEjE5QAK,,,,,,,,,,0050R0000041BRPQA2,2020-01-29T21:51:00.000+0000,0050R0000041BRPQA2,2020-01-29T21:51:00.000+0000,0050R0000041BRPQA2,2020-01-29T21:51:00.000+0000,,,,,,Pending,,,,,,,,,
0010R00000wEjE6QAK,,,France Coutinho,Customer,,818 Sparta Hwy,Milledgeville,GA,31061,USA,,,,"{""city"":""Milledgeville"",""country"":""USA"",""geocodeAccuracy"":null,""latitude"":null,""longitude"":null,""postalCode"":""31061"",""state"":""GA"",""street"":""818 Sparta Hwy""}",818 Sparta Hwy,Milledgeville,GA,31061,USA,,,,"{""city"":""Milledgeville"",""country"":""USA"",""geocodeAccuracy"":null,""latitude"":null,""longitude"":null,""postalCode"":""31061"",""state"":""GA"",""street"":""818 Sparta Hwy""}",(555) 477-1242,,,,/services/images/photo/0010R00000wEjE6QAK,,,,,,,,,,0050R0000041BRPQA2,2020-01-29T21:51:00.000+0000,0050R0000041BRPQA2,2020-01-29T21:51:00.000+0000,0050R0000041BRPQA2,2020-01-29T21:51:00.000+0000,,,,,,Pending,,,,,,,,,
0010R00000wEjIyQAK,,,Walter Fioravanti,Customer,,10 Bay Street,Toronto,ON,M5J 2R8,Canada,,,,"{""city"":""Toronto"",""country"":""Canada"",""geocodeAccuracy"":null,""latitude"":null,""longitude"":null,""postalCode"":""M5J 2R8"",""state"":""ON"",""street"":""10 Bay Street""}",10 Bay Street,Toronto,ON,M5J 2R8,Canada,,,,"{""city"":""Toronto"",""country"":""Canada"",""geocodeAccuracy"":null,""latitude"":null,""longitude"":null,""postalCode"":""M5J 2R8"",""state"":""ON"",""street"":""10 Bay Street""}",(555) 530-1971,,,,/services/images/photo/0010R00000wEjIyQAK,,,,,,,,,,0050R0000041BRPQA2,2020-01-29T21:51:00.000+0000,0050R0000041BRPQA2,2020-01-29T21:51:00.000+0000,0050R0000041BRPQA2,2020-01-29T21:51:00.000+0000,,,,,,Pending,,,,,,,,,
0010R00000wEjIzQAK,,,Hertha Schwantd,Customer,,84 Ocean Drive,Forest Home,AL,36030,USA,,,,"{""city"":""Forest Home"",""country"":""USA"",""geocodeAccuracy"":null,""latitude"":null,""longitude"":null,""postalCode"":""36030"",""state"":""AL"",""street"":""84 Ocean Drive""}",84 Ocean Drive,Forest Home,AL,36030,USA,,,,"{""city"":""Forest Home"",""country"":""USA"",""geocodeAccuracy"":null,""latitude"":null,""longitude"":null,""postalCode"":""36030"",""state"":""AL"",""street"":""84 Ocean Drive""}",(555) 207-3882,,,,/services/images/photo/0010R00000wEjIzQAK,,,,,,,,,,0050R0000041BRPQA2,2020-01-29T21:51:00.000+0000,0050R0000041BRPQA2,2020-01-29T21:51:00.000+0000,0050R0000041BRPQA2,2020-01-29T21:51:00.000+0000,,,,,,Pending,,,,,,,,,
0010R00000wEjJ0QAK,,,Lacey Steenwyk,Customer,,307 Bentley Manor,Shavano Park,TX,78249,USA,,,,"{""city"":""Shavano Park"",""country"":""USA"",""geocodeAccuracy"":null,""latitude"":null,""longitude"":null,""postalCode"":""78249"",""state"":""TX"",""street"":""307 Bentley Manor""}",307 Bentley Manor,Shavano Park,TX,78249,USA,,,,"{""city"":""Shavano Park"",""country"":""USA"",""geocodeAccuracy"":null,""latitude"":null,""longitude"":null,""postalCode"":""78249"",""state"":""TX"",""street"":""307 Bentley Manor""}",(555) 460-1521,,,,/services/images/photo/0010R00000wEjJ0QAK,,,,,,,,,,0050R0000041BRPQA2,2020-01-29T21:51:00.000+0000,0050R0000041BRPQA2,2020-01-29T21:51:00.000+0000,0050R0000041BRPQA2,2020-01-29T21:51:00.000+0000,,,,,,Pending,,,,,,,,,
0010R00000wEjJ1QAK,,,Genesis Gunnells,Customer,,5167 Pauline Field,Challis,ID,83226,USA,,,,"{""city"":""Challis"",""country"":""USA"",""geocodeAccuracy"":null,""latitude"":null,""longitude"":null,""postalCode"":""83226"",""state"":""ID"",""street"":""5167 Pauline Field""}",5167 Pauline Field,Challis,ID,83226,USA,,,,"{""city"":""Challis"",""country"":""USA"",""geocodeAccuracy"":null,""latitude"":null,""longitude"":null,""postalCode"":""83226"",""state"":""ID"",""street"":""5167 Pauline Field""}",(555) 390-8089,,,,/services/images/photo/0010R00000wEjJ1QAK,,,,,,,,,,0050R0000041BRPQA2,2020-01-29T21:51:00.000+0000,0050R0000041BRPQA2,2020-01-29T21:51:00.000+0000,0050R0000041BRPQA2,2020-01-29T21:51:00.000+0000,,,,,,Pending,,,,,,,,,
0010R00000wEjJ2QAK,,,Wilfred Mcclosky,Customer,,551 Oakdale Rd,Jamestown,NC,27282,USA,,,,"{""city"":""Jamestown"",""country"":""USA"",""geocodeAccuracy"":null,""latitude"":null,""longitude"":null,""postalCode"":""27282"",""state"":""NC"",""street"":""551 Oakdale Rd""}",551 Oakdale Rd,Jamestown,NC,27282,USA,,,,"{""city"":""Jamestown"",""country"":""USA"",""geocodeAccuracy"":null,""latitude"":null,""longitude"":null,""postalCode"":""27282"",""state"":""NC"",""street"":""551 Oakdale Rd""}",(555) 198-1207,,,,/services/images/photo/0010R00000wEjJ2QAK,,,,,,,,,,0050R0000041BRPQA2,2020-01-29T21:51:00.000+0000,0050R0000041BRPQA2,2020-01-29T21:51:00.000+0000,0050R0000041BRPQA2,2020-01-29T21:51:00.000+0000,,,,,,Pending,,,,,,,,,
0010R00000wEjJ3QAK,,,Una Ziedan,Customer,,361 Centennial Parkway,Louisville,CO,80027,USA,,,,"{""city"":""Louisville"",""country"":""USA"",""geocodeAccuracy"":null,""latitude"":null,""longitude"":null,""postalCode"":""80027"",""state"":""CO"",""street"":""361 Centennial Parkway""}",361 Centennial Parkway,Louisville,CO,80027,USA,,,,"{""city"":""Louisville"",""country"":""USA"",""geocodeAccuracy"":null,""latitude"":null,""longitude"":null,""postalCode"":""80027"",""state"":""CO"",""street"":""361 Centennial Parkway""}",(555) 198-4980,,,,/services/images/photo/0010R00000wEjJ3QAK,,,,,,,,,,0050R0000041BRPQA2,2020-01-29T21:51:00.000+0000,0050R0000041BRPQA2,2020-01-29T21:51:00.000+0000,0050R0000041BRPQA2,2020-01-29T21:51:00.000+0000,,,,,,Pending,,,,,,,,,
0010R00000wEjJ4QAK,,,Bok Chough,Customer,,2035 NE Cornelius Pass Road,Hillsboro,OR,97124,USA,,,,"{""city"":""Hillsboro"",""country"":""USA"",""geocodeAccuracy"":null,""latitude"":null,""longitude"":null,""postalCode"":""97124"",""state"":""OR"",""street"":""2035 NE Cornelius Pass Road""}",2035 NE Cornelius Pass Road,Hillsboro,OR,97124,USA,,,,"{""city"":""Hillsboro"",""country"":""USA"",""geocodeAccuracy"":null,""latitude"":null,""longitude"":null,""postalCode"":""97124"",""state"":""OR"",""street"":""2035 NE Cornelius Pass Road""}",(555) 872-1350,,,,/services/images/photo/0010R00000wEjJ4QAK,,,,,,,,,,0050R0000041BRPQA2,2020-01-29T21:51:00.000+0000,0050R0000041BRPQA2,2020-01-29T21:51:00.000+0000,0050R0000041BRPQA2,2020-01-29T21:51:00.000+0000,,,,,,Pending,,,,,,,,,
0010R00000wEjJ5QAK,,,Jefferey Groner,Customer,,500 Boylston Street,Boston,MA,02116,USA,,,,"{""city"":""Boston"",""country"":""USA"",""geocodeAccuracy"":null,""latitude"":null,""longitude"":null,""postalCode"":""02116"",""state"":""MA"",""street"":""500 Boylston Street""}",500 Boylston Street,Boston,MA,02116,USA,,,,"{""city"":""Boston"",""country"":""USA"",""geocodeAccuracy"":null,""latitude"":null,""longitude"":null,""postalCode"":""02116"",""state"":""MA"",""street"":""500 Boylston Street""}",(555) 297-9786,,,,/services/images/photo/0010R00000wEjJ5QAK,,,,,,,,,,0050R0000041BRPQA2,2020-01-29T21:51:00.000+0000,0050R0000041BRPQA2,2020-01-29T21:51:00.000+0000,0050R0000041BRPQA2,2020-01-29T21:51:00.000+0000,,,,,,Pending,,,,,,,,,
0010R00000wEjJ6QAK,,,Gena Edmison,Customer,,551 Oakdale Rd,Jamestown,NC,27282,USA,,,,"{""city"":""Jamestown"",""country"":""USA"",""geocodeAccuracy"":null,""latitude"":null,""longitude"":null,""postalCode"":""27282"",""state"":""NC"",""street"":""551 Oakdale Rd""}",551 Oakdale Rd,Jamestown,NC,27282,USA,,,,"{""city"":""Jamestown"",""country"":""USA"",""geocodeAccuracy"":null,""latitude"":null,""longitude"":null,""postalCode"":""27282"",""state"":""NC"",""street"":""551 Oakdale Rd""}",(555) 664-2548,,,,/services/images/photo/0010R00000wEjJ6QAK,,,,,,,,,,0050R0000041BRPQA2,2020-01-29T21:51:00.000+0000,0050R0000041BRPQA2,2020-01-29T21:51:00.000+0000,0050R0000041BRPQA2,2020-01-29T21:51:00.000+0000,,,,,,Pending,,,,,,,,,
0010R00000wEjJ7QAK,,,Elaina Pott,Customer,,929 108th Ave NE,Bellevue,WA,98004,USA,,,,"{""city"":""Bellevue"",""country"":""USA"",""geocodeAccuracy"":null,""latitude"":null,""longitude"":null,""postalCode"":""98004"",""state"":""WA"",""street"":""929 108th Ave NE""}",929 108th Ave NE,Bellevue,WA,98004,USA,,,,"{""city"":""Bellevue"",""country"":""USA"",""geocodeAccuracy"":null,""latitude"":null,""longitude"":null,""postalCode"":""98004"",""state"":""WA"",""street"":""929 108th Ave NE""}",(555) 941-8678,,,,/services/images/photo/0010R00000wEjJ7QAK,,,,,,,,,,0050R0000041BRPQA2,2020-01-29T21:51:00.000+0000,0050R0000041BRPQA2,2020-01-29T21:51:00.000+0000,0050R0000041BRPQA2,2020-01-29T21:51:00.000+0000,,,,,,Pending,,,,,,,,,
0010R00000wEjJ8QAK,,,Cristin Trentz,Customer,,23 Browns Lake Road,Helmville,MT,59843,USA,,,,"{""city"":""Helmville"",""country"":""USA"",""geocodeAccuracy"":null,""latitude"":null,""longitude"":null,""postalCode"":""59843"",""state"":""MT"",""street"":""23 Browns Lake Road""}",23 Browns Lake Road,Helmville,MT,59843,USA,,,,"{""city"":""Helmville"",""country"":""USA"",""geocodeAccuracy"":null,""latitude"":null,""longitude"":null,""postalCode"":""59843"",""state"":""MT"",""street"":""23 Browns Lake Road""}",(555) 359-8705,,,,/services/images/photo/0010R00000wEjJ8QAK,,,,,,,,,,0050R0000041BRPQA2,2020-01-29T21:51:00.000+0000,0050R0000041BRPQA2,2020-01-29T21:51:00.000+0000,0050R0000041BRPQA2,2020-01-29T21:51:00.000+0000,,,,,,Pending,,,,,,,,,
0010R00000wEjJ9QAK,,,Claire Canonica,Customer,,542 Candido Hills,Miles City,MT,59301,USA,,,,"{""city"":""Miles City"",""country"":""USA"",""geocodeAccuracy"":null,""latitude"":null,""longitude"":null,""postalCode"":""59301"",""state"":""MT"",""street"":""542 Candido Hills""}",542 Candido Hills,Miles City,MT,59301,USA,,,,"{""city"":""Miles City"",""country"":""USA"",""geocodeAccuracy"":null,""latitude"":null,""longitude"":null,""postalCode"":""59301"",""state"":""MT"",""street"":""542 Candido Hills""}",(555) 888-2350,,,,/services/images/photo/0010R00000wEjJ9QAK,,,,,,,,,,0050R0000041BRPQA2,2020-01-29T21:51:00.000+0000,0050R0000041BRPQA2,2020-01-29T21:51:00.000+0000,0050R0000041BRPQA2,2020-01-29T21:51:00.000+0000,,,,,,Pending,,,,,,,,,
0010R00000wEjJAQA0,,,Hye Gorglione,Customer,,2084 Waelchi Road,Denton,MT,59430,USA,,,,"{""city"":""Denton"",""country"":""USA"",""geocodeAccuracy"":null,""latitude"":null,""longitude"":null,""postalCode"":""59430"",""state"":""MT"",""street"":""2084 Waelchi Road""}",2084 Waelchi Road,Denton,MT,59430,USA,,,,"{""city"":""Denton"",""country"":""USA"",""geocodeAccuracy"":null,""latitude"":null,""longitude"":null,""postalCode"":""59430"",""state"":""MT"",""street"":""2084 Waelchi Road""}",(555) 935-5600,,,,/services/images/photo/0010R00000wEjJAQA0,,,,,,,,,,0050R0000041BRPQA2,2020-01-29T21:51:00.000+0000,0050R0000041BRPQA2,2020-01-29T21:51:00.000+0000,0050R0000041BRPQA2,2020-01-29T21:51:00.000+0000,,,,,,Pending,,,,,,,,,
0010R00000wEjJBQA0,,,Twanda Berberian,Customer,,22655 Fairfield Rd,St Augusta,MN,56301,USA,,,,"{""city"":""St Augusta"",""country"":""USA"",""geocodeAccuracy"":null,""latitude"":null,""longitude"":null,""postalCode"":""56301"",""state"":""MN"",""street"":""22655 Fairfield Rd""}",22655 Fairfield Rd,St Augusta,MN,56301,USA,,,,"{""city"":""St Augusta"",""country"":""USA"",""geocodeAccuracy"":null,""latitude"":null,""longitude"":null,""postalCode"":""56301"",""state"":""MN"",""street"":""22655 Fairfield Rd""}",(555) 727-2021,,,,/services/images/photo/0010R00000wEjJBQA0,,,,,,,,,,0050R0000041BRPQA2,2020-01-29T21:51:00.000+0000,0050R0000041BRPQA2,2020-01-29T21:51:00.000+0000,0050R0000041BRPQA2,2020-01-29T21:51:00.000+0000,,,,,,Pending,,,,,,,,,
0010R00000wEjJCQA0,,,Hilaria Martenson,Customer,,1335 Madison St NE,Salem,OR,97301,USA,,,,"{""city"":""Salem"",""country"":""USA"",""geocodeAccuracy"":null,""latitude"":null,""longitude"":null,""postalCode"":""97301"",""state"":""OR"",""street"":""1335 Madison St NE""}",1335 Madison St NE,Salem,OR,97301,USA,,,,"{""city"":""Salem"",""country"":""USA"",""geocodeAccuracy"":null,""latitude"":null,""longitude"":null,""postalCode"":""97301"",""state"":""OR"",""street"":""1335 Madison St NE""}",(555) 919-9456,,,,/services/images/photo/0010R00000wEjJCQA0,,,,,,,,,,0050R0000041BRPQA2,2020-01-29T21:51:00.000+0000,0050R0000041BRPQA2,2020-01-29T21:51:00.000+0000,0050R0000041BRPQA2,2020-01-29T21:51:00.000+0000,,,,,,Pending,,,,,,,,,
0010R00000wEjJDQA0,,,Hyo Darrow,Customer,,2550 Wasser Terrace,Herndon,VA,20171,USA,,,,"{""city"":""Herndon"",""country"":""USA"",""geocodeAccuracy"":null,""latitude"":null,""longitude"":null,""postalCode"":""20171"",""state"":""VA"",""street"":""2550 Wasser Terrace""}",2550 Wasser Terrace,Herndon,VA,20171,USA,,,,"{""city"":""Herndon"",""country"":""USA"",""geocodeAccuracy"":null,""latitude"":null,""longitude"":null,""postalCode"":""20171"",""state"":""VA"",""street"":""2550 Wasser Terrace""}",(555) 159-6548,,,,/services/images/photo/0010R00000wEjJDQA0,,,,,,,,,,0050R0000041BRPQA2,2020-01-29T21:51:00.000+0000,0050R0000041BRPQA2,2020-01-29T21:51:00.000+0000,0050R0000041BRPQA2,2020-01-29T21:51:00.000+0000,,,,,,Pending,,,,,,,,,
0010R00000wEjJEQA0,,,Norbert Hsueh,Customer,,500 Boylston Street,Boston,MA,02116,USA,,,,"{""city"":""Boston"",""country"":""USA"",""geocodeAccuracy"":null,""latitude"":null,""longitude"":null,""postalCode"":""02116"",""state"":""MA"",""street"":""500 Boylston Street""}",500 Boylston Street,Boston,MA,02116,USA,,,,"{""city"":""Boston"",""country"":""USA"",""geocodeAccuracy"":null,""latitude"":null,""longitude"":null,""postalCode"":""02116"",""state"":""MA"",""street"":""500 Boylston Street""}",(555) 277-4116,,,,/services/images/photo/0010R00000wEjJEQA0,,,,,,,,,,0050R0000041BRPQA2,2020-01-29T21:51:00.000+0000,0050R0000041BRPQA2,2020-01-29T21:51:00.000+0000,0050R0000041BRPQA2,2020-01-29T21:51:00.000+0000,,,,,,Pending,,,,,,,,,
0010R00000wEjJFQA0,,,Annamarie Crull,Customer,,361 Centennial Parkway,Louisville,CO,80027,USA,,,,"{""city"":""Louisville"",""country"":""USA"",""geocodeAccuracy"":null,""latitude"":null,""longitude"":null,""postalCode"":""80027"",""state"":""CO"",""street"":""361 Centennial Parkway""}",361 Centennial Parkway,Louisville,CO,80027,USA,,,,"{""city"":""Louisville"",""country"":""USA"",""geocodeAccuracy"":null,""latitude"":null,""longitude"":null,""postalCode"":""80027"",""state"":""CO"",""street"":""361 Centennial Parkway""}",(555) 115-9439,,,,/services/images/photo/0010R00000wEjJFQA0,,,,,,,,,,0050R0000041BRPQA2,2020-01-29T21:51:00.000+0000,0050R0000041BRPQA2,2020-01-29T21:51:00.000+0000,0050R0000041BRPQA2,2020-01-29T21:51:00.000+0000,,,,,,Pending,,,,,,,,,
0010R00000wEjJGQA0,,,Chester Eagan,Customer,,929 108th Ave NE,Bellevue,WA,98004,USA,,,,"{""city"":""Bellevue"",""country"":""USA"",""geocodeAccuracy"":null,""latitude"":null,""longitude"":null,""postalCode"":""98004"",""state"":""WA"",""street"":""929 108th Ave NE""}",929 108th Ave NE,Bellevue,WA,98004,USA,,,,"{""city"":""Bellevue"",""country"":""USA"",""geocodeAccuracy"":null,""latitude"":null,""longitude"":null,""postalCode"":""98004"",""state"":""WA"",""street"":""929 108th Ave NE""}",(555) 256-1351,,,,/services/images/photo/0010R00000wEjJGQA0,,,,,,,,,,0050R0000041BRPQA2,2020-01-29T21:51:00.000+0000,0050R0000041BRPQA2,2020-01-29T21:51:00.000+0000,0050R0000041BRPQA2,2020-01-29T21:51:00.000+0000,,,,,,Pending,,,,,,,,,
0010R00000wEjJHQA0,,,Oren Mcinally,Customer,,1541 E 4th St,Casper,WY,82601,USA,,,,"{""city"":""Casper"",""country"":""USA"",""geocodeAccuracy"":null,""latitude"":null,""longitude"":null,""postalCode"":""82601"",""state"":""WY"",""street"":""1541 E 4th St""}",1541 E 4th St,Casper,WY,82601,USA,,,,"{""city"":""Casper"",""country"":""USA"",""geocodeAccuracy"":null,""latitude"":null,""longitude"":null,""postalCode"":""82601"",""state"":""WY"",""street"":""1541 E 4th St""}",(555) 647-2925,,,,/services/images/photo/0010R00000wEjJHQA0,,,,,,,,,,0050R0000041BRPQA2,2020-01-29T21:51:00.000+0000,0050R0000041BRPQA2,2020-01-29T21:51:00.000+0000,0050R0000041BRPQA2,2020-01-29T21:51:00.000+0000,,,,,,Pending,,,,,,,,,
0010R00000wEjJIQA0,,,Vanesa Warton,Customer,,301 Sherman Street,Huntington,IN,46750,USA,,,,"{""city"":""Huntington"",""country"":""USA"",""geocodeAccuracy"":null,""latitude"":null,""longitude"":null,""postalCode"":""46750"",""state"":""IN"",""street"":""301 Sherman Street""}",301 Sherman Street,Huntington,IN,46750,USA,,,,"{""city"":""Huntington"",""country"":""USA"",""geocodeAccuracy"":null,""latitude"":null,""longitude"":null,""postalCode"":""46750"",""state"":""IN"",""street"":""301 Sherman Street""}",(555) 961-8128,,,,/services/images/photo/0010R00000wEjJIQA0,,,,,,,,,,0050R0000041BRPQA2,2020-01-29T21:51:00.000+0000,0050R0000041BRPQA2,2020-01-29T21:51:00.000+0000,0050R0000041BRPQA2,2020-01-29T21:51:00.000+0000,,,,,,Pending,,,,,,,,,
0010R00000wEjJJQA0,,,Imogene Killam,Customer,,4561 Springdale Rd,Millbrook,AL,36054,USA,,,,"{""city"":""Millbrook"",""country"":""USA"",""geocodeAccuracy"":null,""latitude"":null,""longitude"":null,""postalCode"":""36054"",""state"":""AL"",""street"":""4561 Springdale Rd""}",4561 Springdale Rd,Millbrook,AL,36054,USA,,,,"{""city"":""Millbrook"",""country"":""USA"",""geocodeAccuracy"":null,""latitude"":null,""longitude"":null,""postalCode"":""36054"",""state"":""AL"",""street"":""4561 Springdale Rd""}",(555) 476-2281,,,,/services/images/photo/0010R00000wEjJJQA0,,,,,,,,,,0050R0000041BRPQA2,2020-01-29T21:51:00.000+0000,0050R0000041BRPQA2,2020-01-29T21:51:00.000+0000,0050R0000041BRPQA2,2020-01-29T21:51:00.000+0000,,,,,,Pending,,,,,,,,,
0010R00000wEjJKQA0,,,Coralie Caravantes,Customer,,541 SW Georgetown Way,Beaverton,OR,97006,USA,,,,"{""city"":""Beaverton"",""country"":""USA"",""geocodeAccuracy"":null,""latitude"":null,""longitude"":null,""postalCode"":""97006"",""state"":""OR"",""street"":""541 SW Georgetown Way""}",541 SW Georgetown Way,Beaverton,OR,97006,USA,,,,"{""city"":""Beaverton"",""country"":""USA"",""geocodeAccuracy"":null,""latitude"":null,""longitude"":null,""postalCode"":""97006"",""state"":""OR"",""street"":""541 SW Georgetown Way""}",(555) 195-4933,,,,/services/images/photo/0010R00000wEjJKQA0,,,,,,,,,,0050R0000041BRPQA2,2020-01-29T21:51:00.000+0000,0050R0000041BRPQA2,2020-01-29T21:51:00.000+0000,0050R0000041BRPQA2,2020-01-29T21:51:00.000+0000,,,,,,Pending,,,,,,,,,
0010R00000wEjJLQA0,,,Juanita Yearicks,Customer,,900 Bulldog Run,Rolla,MO,65401,USA,,,,"{""city"":""Rolla"",""country"":""USA"",""geocodeAccuracy"":null,""latitude"":null,""longitude"":null,""postalCode"":""65401"",""state"":""MO"",""street"":""900 Bulldog Run""}",900 Bulldog Run,Rolla,MO,65401,USA,,,,"{""city"":""Rolla"",""country"":""USA"",""geocodeAccuracy"":null,""latitude"":null,""longitude"":null,""postalCode"":""65401"",""state"":""MO"",""street"":""900 Bulldog Run""}",(555) 444-9781,,,,/services/images/photo/0010R00000wEjJLQA0,,,,,,,,,,0050R0000041BRPQA2,2020-01-29T21:51:00.000+0000,0050R0000041BRPQA2,2020-01-29T21:51:00.000+0000,0050R0000041BRPQA2,2020-01-29T21:51:00.000+0000,,,,,,Pending,,,,,,,,,
0010R00000wEjJMQA0,,,Kassie Saavedra,Customer,,1095 Avenue of the Americas,New York,NY,10036,USA,,,,"{""city"":""New York"",""country"":""USA"",""geocodeAccuracy"":null,""latitude"":null,""longitude"":null,""postalCode"":""10036"",""state"":""NY"",""street"":""1095 Avenue of the Americas""}",1095 Avenue of the Americas,New York,NY,10036,USA,,,,"{""city"":""New York"",""country"":""USA"",""geocodeAccuracy"":null,""latitude"":null,""longitude"":null,""postalCode"":""10036"",""state"":""NY"",""street"":""1095 Avenue of the Americas""}",(555) 287-1369,,,,/services/images/photo/0010R00000wEjJMQA0,,,,,,,,,,0050R0000041BRPQA2,2020-01-29T21:51:00.000+0000,0050R0000041BRPQA2,2020-01-29T21:51:00.000+0000,0050R0000041BRPQA2,2020-01-29T21:51:00.000+0000,,,,,,Pending,,,,,,,,,
0010R00000wEjJNQA0,,,Megan Alquicira,Customer,,87 Arizona 87,Coolidge,AZ,85128,USA,,,,"{""city"":""Coolidge"",""country"":""USA"",""geocodeAccuracy"":null,""latitude"":null,""longitude"":null,""postalCode"":""85128"",""state"":""AZ"",""street"":""87 Arizona 87""}",87 Arizona 87,Coolidge,AZ,85128,USA,,,,"{""city"":""Coolidge"",""country"":""USA"",""geocodeAccuracy"":null,""latitude"":null,""longitude"":null,""postalCode"":""85128"",""state"":""AZ"",""street"":""87 Arizona 87""}",(555) 137-3678,,,,/services/images/photo/0010R00000wEjJNQA0,,,,,,,,,,0050R0000041BRPQA2,2020-01-29T21:51:00.000+0000,0050R0000041BRPQA2,2020-01-29T21:51:00.000+0000,0050R0000041BRPQA2,2020-01-29T21:51:00.000+0000,,,,,,Pending,,,,,,,,,
0010R00000wEjJOQA0,,,Tyron Naderman,Customer,,1541 E 4th St,Casper,WY,82601,USA,,,,"{""city"":""Casper"",""country"":""USA"",""geocodeAccuracy"":null,""latitude"":null,""longitude"":null,""postalCode"":""82601"",""state"":""WY"",""street"":""1541 E 4th St""}",1541 E 4th St,Casper,WY,82601,USA,,,,"{""city"":""Casper"",""country"":""USA"",""geocodeAccuracy"":null,""latitude"":null,""longitude"":null,""postalCode"":""82601"",""state"":""WY"",""street"":""1541 E 4th St""}",(555) 826-5943,,,,/services/images/photo/0010R00000wEjJOQA0,,,,,,,,,,0050R0000041BRPQA2,2020-01-29T21:51:00.000+0000,0050R0000041BRPQA2,2020-01-29T21:51:00.000+0000,0050R0000041BRPQA2,2020-01-29T21:51:00.000+0000,,,,,,Pending,,,,,,,,,
0010R00000wEjJPQA0,,,Bud Libert,Customer,,307 Bentley Manor,Shavano Park,TX,78249,USA,,,,"{""city"":""Shavano Park"",""country"":""USA"",""geocodeAccuracy"":null,""latitude"":null,""longitude"":null,""postalCode"":""78249"",""state"":""TX"",""street"":""307 Bentley Manor""}",307 Bentley Manor,Shavano Park,TX,78249,USA,,,,"{""city"":""Shavano Park"",""country"":""USA"",""geocodeAccuracy"":null,""latitude"":null,""longitude"":null,""postalCode"":""78249"",""state"":""TX"",""street"":""307 Bentley Manor""}",(555) 561-4171,,,,/services/images/photo/0010R00000wEjJPQA0,,,,,,,,,,0050R0000041BRPQA2,2020-01-29T21:51:00.000+0000,0050R0000041BRPQA2,2020-01-29T21:51:00.000+0000,0050R0000041BRPQA2,2020-01-29T21:51:00.000+0000,,,,,,Pending,,,,,,,,,
0010R00000wEjJQQA0,,,Mitsue Neidlinger,Customer,,4561 Springdale Rd,Millbrook,AL,36054,USA,,,,"{""city"":""Millbrook"",""country"":""USA"",""geocodeAccuracy"":null,""latitude"":null,""longitude"":null,""postalCode"":""36054"",""state"":""AL"",""street"":""4561 Springdale Rd""}",4561 Springdale Rd,Millbrook,AL,36054,USA,,,,"{""city"":""Millbrook"",""country"":""USA"",""geocodeAccuracy"":null,""latitude"":null,""longitude"":null,""postalCode"":""36054"",""state"":""AL"",""street"":""4561 Springdale Rd""}",(555) 378-7905,,,,/services/images/photo/0010R00000wEjJQQA0,,,,,,,,,,0050R0000041BRPQA2,2020-01-29T21:51:00.000+0000,0050R0000041BRPQA2,2020-01-29T21:51:00.000+0000,0050R0000041BRPQA2,2020-01-29T21:51:00.000+0000,,,,,,Pending,,,,,,,,,
0010R00000wEjJRQA0,,,Min Laakso,Customer,,77820 Vineyard Canyon Road,San Miguel,CA,93451,USA,,,,"{""city"":""San Miguel"",""country"":""USA"",""geocodeAccuracy"":null,""latitude"":null,""longitude"":null,""postalCode"":""93451"",""state"":""CA"",""street"":""77820 Vineyard Canyon Road""}",77820 Vineyard Canyon Road,San Miguel,CA,93451,USA,,,,"{""city"":""San Miguel"",""country"":""USA"",""geocodeAccuracy"":null,""latitude"":null,""longitude"":null,""postalCode"":""93451"",""state"":""CA"",""street"":""77820 Vineyard Canyon Road""}",(555) 755-8189,,,,/services/images/photo/0010R00000wEjJRQA0,,,,,,,,,,0050R0000041BRPQA2,2020-01-29T21:51:00.000+0000,0050R0000041BRPQA2,2020-01-29T21:51:00.000+0000,0050R0000041BRPQA2,2020-01-29T21:51:00.000+0000,,,,,,Pending,,,,,,,,,
0010R00000wEjJSQA0,,,Lovetta Medved,Customer,,2084 Waelchi Road,Denton,MT,59430,USA,,,,"{""city"":""Denton"",""country"":""USA"",""geocodeAccuracy"":null,""latitude"":null,""longitude"":null,""postalCode"":""59430"",""state"":""MT"",""street"":""2084 Waelchi Road""}",2084 Waelchi Road,Denton,MT,59430,USA,,,,"{""city"":""Denton"",""country"":""USA"",""geocodeAccuracy"":null,""latitude"":null,""longitude"":null,""postalCode"":""59430"",""state"":""MT"",""street"":""2084 Waelchi Road""}",(555) 387-4381,,,,/services/images/photo/0010R00000wEjJSQA0,,,,,,,,,,0050R0000041BRPQA2,2020-01-29T21:51:00.000+0000,0050R0000041BRPQA2,2020-01-29T21:51:00.000+0000,0050R0000041BRPQA2,2020-01-29T21:51:00.000+0000,,,,,,Pending,,,,,,,,,
0010R00000wEjJTQA0,,,Tora Valdespino,Customer,,620 N Westmoreland Rd,DeSoto,TX,75115,USA,,,,"{""city"":""DeSoto"",""country"":""USA"",""geocodeAccuracy"":null,""latitude"":null,""longitude"":null,""postalCode"":""75115"",""state"":""TX"",""street"":""620 N Westmoreland Rd""}",620 N Westmoreland Rd,DeSoto,TX,75115,USA,,,,"{""city"":""DeSoto"",""country"":""USA"",""geocodeAccuracy"":null,""latitude"":null,""longitude"":null,""postalCode"":""75115"",""state"":""TX"",""street"":""620 N Westmoreland Rd""}",(555) 544-3559,,,,/services/images/photo/0010R00000wEjJTQA0,,,,,,,,,,0050R0000041BRPQA2,2020-01-29T21:51:00.000+0000,0050R0000041BRPQA2,2020-01-29T21:51:00.000+0000,0050R0000041BRPQA2,2020-01-29T21:51:01.000+0000,,,,,,Pending,,,,,,,,,
0010R00000wEjJUQA0,,,Asuncion Burrington,Customer,,175 Dunlap Road,Craigmont,ID,83523,USA,,,,"{""city"":""Craigmont"",""country"":""USA"",""geocodeAccuracy"":null,""latitude"":null,""longitude"":null,""postalCode"":""83523"",""state"":""ID"",""street"":""175 Dunlap Road""}",175 Dunlap Road,Craigmont,ID,83523,USA,,,,"{""city"":""Craigmont"",""country"":""USA"",""geocodeAccuracy"":null,""latitude"":null,""longitude"":null,""postalCode"":""83523"",""state"":""ID"",""street"":""175 Dunlap Road""}",(555) 545-4194,,,,/services/images/photo/0010R00000wEjJUQA0,,,,,,,,,,0050R0000041BRPQA2,2020-01-29T21:51:00.000+0000,0050R0000041BRPQA2,2020-01-29T21:51:00.000+0000,0050R0000041BRPQA2,2020-01-29T21:51:01.000+0000,,,,,,Pending,,,,,,,,,
0010R00000wEjJVQA0,,,Richelle Shambley,Customer,,7452 30th Avenue Northeast,Willow City,ND,58384,USA,,,,"{""city"":""Willow City"",""country"":""USA"",""geocodeAccuracy"":null,""latitude"":null,""longitude"":null,""postalCode"":""58384"",""state"":""ND"",""street"":""7452 30th Avenue Northeast""}",7452 30th Avenue Northeast,Willow City,ND,58384,USA,,,,"{""city"":""Willow City"",""country"":""USA"",""geocodeAccuracy"":null,""latitude"":null,""longitude"":null,""postalCode"":""58384"",""state"":""ND"",""street"":""7452 30th Avenue Northeast""}",(555) 377-1581,,,,/services/images/photo/0010R00000wEjJVQA0,,,,,,,,,,0050R0000041BRPQA2,2020-01-29T21:51:00.000+0000,0050R0000041BRPQA2,2020-01-29T21:51:00.000+0000,0050R0000041BRPQA2,2020-01-29T21:51:01.000+0000,,,,,,Pending,,,,,,,,,
0010R00000wEjJWQA0,,,Roselee Roskop,Customer,,175 Dunlap Road,Craigmont,ID,83523,USA,,,,"{""city"":""Craigmont"",""country"":""USA"",""geocodeAccuracy"":null,""latitude"":null,""longitude"":null,""postalCode"":""83523"",""state"":""ID"",""street"":""175 Dunlap Road""}",175 Dunlap Road,Craigmont,ID,83523,USA,,,,"{""city"":""Craigmont"",""country"":""USA"",""geocodeAccuracy"":null,""latitude"":null,""longitude"":null,""postalCode"":""83523"",""state"":""ID"",""street"":""175 Dunlap Road""}",(555) 132-6634,,,,/services/images/photo/0010R00000wEjJWQA0,,,,,,,,,,0050R0000041BRPQA2,2020-01-29T21:51:00.000+0000,0050R0000041BRPQA2,2020-01-29T21:51:00.000+0000,0050R0000041BRPQA2,2020-01-29T21:51:01.000+0000,,,,,,Pending,,,,,,,,,
0010R00000wEjJXQA0,,,Laurine Jellinek,Customer,,174 Unnamed Road,Youngstown,FL,32466,USA,,,,"{""city"":""Youngstown"",""country"":""USA"",""geocodeAccuracy"":null,""latitude"":null,""longitude"":null,""postalCode"":""32466"",""state"":""FL"",""street"":""174 Unnamed Road""}",174 Unnamed Road,Youngstown,FL,32466,USA,,,,"{""city"":""Youngstown"",""country"":""USA"",""geocodeAccuracy"":null,""latitude"":null,""longitude"":null,""postalCode"":""32466"",""state"":""FL"",""street"":""174 Unnamed Road""}",(555) 613-7848,,,,/services/images/photo/0010R00000wEjJXQA0,,,,,,,,,,0050R0000041BRPQA2,2020-01-29T21:51:00.000+0000,0050R0000041BRPQA2,2020-01-29T21:51:00.000+0000,0050R0000041BRPQA2,2020-01-29T21:51:01.000+0000,,,,,,Pending,,,,,,,,,
0010R00000wEjJYQA0,,,Marcie Swiat,Customer,,175 Dunlap Road,Craigmont,ID,83523,USA,,,,"{""city"":""Craigmont"",""country"":""USA"",""geocodeAccuracy"":null,""latitude"":null,""longitude"":null,""postalCode"":""83523"",""state"":""ID"",""street"":""175 Dunlap Road""}",175 Dunlap Road,Craigmont,ID,83523,USA,,,,"{""city"":""Craigmont"",""country"":""USA"",""geocodeAccuracy"":null,""latitude"":null,""longitude"":null,""postalCode"":""83523"",""state"":""ID"",""street"":""175 Dunlap Road""}",(555) 966-9413,,,,/services/images/photo/0010R00000wEjJYQA0,,,,,,,,,,0050R0000041BRPQA2,2020-01-29T21:51:00.000+0000,0050R0000041BRPQA2,2020-01-29T21:51:00.000+0000,0050R0000041BRPQA2,2020-01-29T21:51:01.000+0000,,,,,,Pending,,,,,,,,,
0010R00000wEjJZQA0,,,Majorie Dastrup,Customer,,500 Boylston Street,Boston,MA,02116,USA,,,,"{""city"":""Boston"",""country"":""USA"",""geocodeAccuracy"":null,""latitude"":null,""longitude"":null,""postalCode"":""02116"",""state"":""MA"",""street"":""500 Boylston Street""}",500 Boylston Street,Boston,MA,02116,USA,,,,"{""city"":""Boston"",""country"":""USA"",""geocodeAccuracy"":null,""latitude"":null,""longitude"":null,""postalCode"":""02116"",""state"":""MA"",""street"":""500 Boylston Street""}",(555) 967-1371,,,,/services/images/photo/0010R00000wEjJZQA0,,,,,,,,,,0050R0000041BRPQA2,2020-01-29T21:51:00.000+0000,0050R0000041BRPQA2,2020-01-29T21:51:00.000+0000,0050R0000041BRPQA2,2020-01-29T21:51:01.000+0000,,,,,,Pending,,,,,,,,,
0010R00000wEjJaQAK,,,Carylon Kerce,Customer,,2035 NE Cornelius Pass Road,Hillsboro,OR,97124,USA,,,,"{""city"":""Hillsboro"",""country"":""USA"",""geocodeAccuracy"":null,""latitude"":null,""longitude"":null,""postalCode"":""97124"",""state"":""OR"",""street"":""2035 NE Cornelius Pass Road""}",2035 NE Cornelius Pass Road,Hillsboro,OR,97124,USA,,,,"{""city"":""Hillsboro"",""country"":""USA"",""geocodeAccuracy"":null,""latitude"":null,""longitude"":null,""postalCode"":""97124"",""state"":""OR"",""street"":""2035 NE Cornelius Pass Road""}",(555) 135-6155,,,,/services/images/photo/0010R00000wEjJaQAK,,,,,,,,,,0050R0000041BRPQA2,2020-01-29T21:51:00.000+0000,0050R0000041BRPQA2,2020-01-29T21:51:00.000+0000,0050R0000041BRPQA2,2020-01-29T21:51:01.000+0000,,,,,,Pending,,,,,,,,,
0010R00000wEjJbQAK,,,Joi Blakstad,Customer,,84 Ocean Drive,Forest Home,AL,36030,USA,,,,"{""city"":""Forest Home"",""country"":""USA"",""geocodeAccuracy"":null,""latitude"":null,""longitude"":null,""postalCode"":""36030"",""state"":""AL"",""street"":""84 Ocean Drive""}",84 Ocean Drive,Forest Home,AL,36030,USA,,,,"{""city"":""Forest Home"",""country"":""USA"",""geocodeAccuracy"":null,""latitude"":null,""longitude"":null,""postalCode"":""36030"",""state"":""AL"",""street"":""84 Ocean Drive""}",(555) 664-7612,,,,/services/images/photo/0010R00000wEjJbQAK,,,,,,,,,,0050R0000041BRPQA2,2020-01-29T21:51:00.000+0000,0050R0000041BRPQA2,2020-01-29T21:51:00.000+0000,0050R0000041BRPQA2,2020-01-29T21:51:01.000+0000,,,,,,Pending,,,,,,,,,
0010R00000wEjJcQAK,,,Lennie Caddick,Customer,,4561 Springdale Rd,Millbrook,AL,36054,USA,,,,"{""city"":""Millbrook"",""country"":""USA"",""geocodeAccuracy"":null,""latitude"":null,""longitude"":null,""postalCode"":""36054"",""state"":""AL"",""street"":""4561 Springdale Rd""}",4561 Springdale Rd,Millbrook,AL,36054,USA,,,,"{""city"":""Millbrook"",""country"":""USA"",""geocodeAccuracy"":null,""latitude"":null,""longitude"":null,""postalCode"":""36054"",""state"":""AL"",""street"":""4561 Springdale Rd""}",(555) 407-7469,,,,/services/images/photo/0010R00000wEjJcQAK,,,,,,,,,,0050R0000041BRPQA2,2020-01-29T21:51:00.000+0000,0050R0000041BRPQA2,2020-01-29T21:51:00.000+0000,0050R0000041BRPQA2,2020-01-29T21:51:01.000+0000,,,,,,Pending,,,,,,,,,
0010R00000wEjJdQAK,,,Shonna Shrewsberry,Customer,,7139 Kilback Mountains,Antonito,CO,81120,USA,,,,"{""city"":""Antonito"",""country"":""USA"",""geocodeAccuracy"":null,""latitude"":null,""longitude"":null,""postalCode"":""81120"",""state"":""CO"",""street"":""7139 Kilback Mountains""}",7139 Kilback Mountains,Antonito,CO,81120,USA,,,,"{""city"":""Antonito"",""country"":""USA"",""geocodeAccuracy"":null,""latitude"":null,""longitude"":null,""postalCode"":""81120"",""state"":""CO"",""street"":""7139 Kilback Mountains""}",(555) 880-4060,,,,/services/images/photo/0010R00000wEjJdQAK,,,,,,,,,,0050R0000041BRPQA2,2020-01-29T21:51:00.000+0000,0050R0000041BRPQA2,2020-01-29T21:51:00.000+0000,0050R0000041BRPQA2,2020-01-29T21:51:01.000+0000,,,,,,Pending,,,,,,,,,
0010R00000wEjJeQAK,,,Angelo Seegers,Customer,,1335 Madison St NE,Salem,OR,97301,USA,,,,"{""city"":""Salem"",""country"":""USA"",""geocodeAccuracy"":null,""latitude"":null,""longitude"":null,""postalCode"":""97301"",""state"":""OR"",""street"":""1335 Madison St NE""}",1335 Madison St NE,Salem,OR,97301,USA,,,,"{""city"":""Salem"",""country"":""USA"",""geocodeAccuracy"":null,""latitude"":null,""longitude"":null,""postalCode"":""97301"",""state"":""OR"",""street"":""1335 Madison St NE""}",(555) 351-8703,,,,/services/images/photo/0010R00000wEjJeQAK,,,,,,,,,,0050R0000041BRPQA2,2020-01-29T21:51:00.000+0000,0050R0000041BRPQA2,2020-01-29T21:51:00.000+0000,0050R0000041BRPQA2,2020-01-29T21:51:01.000+0000,,,,,,Pending,,,,,,,,,
0010R00000wEjJfQAK,,,Barrie Dimoulakis,Customer,,30208 Lookout Road,Paola,KS,66071,USA,,,,"{""city"":""Paola"",""country"":""USA"",""geocodeAccuracy"":null,""latitude"":null,""longitude"":null,""postalCode"":""66071"",""state"":""KS"",""street"":""30208 Lookout Road""}",30208 Lookout Road,Paola,KS,66071,USA,,,,"{""city"":""Paola"",""country"":""USA"",""geocodeAccuracy"":null,""latitude"":null,""longitude"":null,""postalCode"":""66071"",""state"":""KS"",""street"":""30208 Lookout Road""}",(555) 444-1385,,,,/services/images/photo/0010R00000wEjJfQAK,,,,,,,,,,0050R0000041BRPQA2,2020-01-29T21:51:00.000+0000,0050R0000041BRPQA2,2020-01-29T21:51:00.000+0000,0050R0000041BRPQA2,2020-01-29T21:51:01.000+0000,,,,,,Pending,,,,,,,,,
0010R00000wEjJgQAK,,,Hipolito Lajaunie,Customer,,542 Candido Hills,Miles City,MT,59301,USA,,,,"{""city"":""Miles City"",""country"":""USA"",""geocodeAccuracy"":null,""latitude"":null,""longitude"":null,""postalCode"":""59301"",""state"":""MT"",""street"":""542 Candido Hills""}",542 Candido Hills,Miles City,MT,59301,USA,,,,"{""city"":""Miles City"",""country"":""USA"",""geocodeAccuracy"":null,""latitude"":null,""longitude"":null,""postalCode"":""59301"",""state"":""MT"",""street"":""542 Candido Hills""}",(555) 637-5440,,,,/services/images/photo/0010R00000wEjJgQAK,,,,,,,,,,0050R0000041BRPQA2,2020-01-29T21:51:00.000+0000,0050R0000041BRPQA2,2020-01-29T21:51:00.000+0000,0050R0000041BRPQA2,2020-01-29T21:51:01.000+0000,,,,,,Pending,,,,,,,,,
0010R00000wEjJhQAK,,,Murray Tynes,Customer,,2550 Wasser Terrace,Herndon,VA,20171,USA,,,,"{""city"":""Herndon"",""country"":""USA"",""geocodeAccuracy"":null,""latitude"":null,""longitude"":null,""postalCode"":""20171"",""state"":""VA"",""street"":""2550 Wasser Terrace""}",2550 Wasser Terrace,Herndon,VA,20171,USA,,,,"{""city"":""Herndon"",""country"":""USA"",""geocodeAccuracy"":null,""latitude"":null,""longitude"":null,""postalCode"":""20171"",""state"":""VA"",""street"":""2550 Wasser Terrace""}",(555) 186-3746,,,,/services/images/photo/0010R00000wEjJhQAK,,,,,,,,,,0050R0000041BRPQA2,2020-01-29T21:51:00.000+0000,0050R0000041BRPQA2,2020-01-29T21:51:00.000+0000,0050R0000041BRPQA2,2020-01-29T21:51:01.000+0000,,,,,,Pending,,,,,,,,,
0010R00000wEjJiQAK,,,Reema Karr,Customer,,658 Gibraltar Ct,Milpitas,CA,95035,USA,,,,"{""city"":""Milpitas"",""country"":""USA"",""geocodeAccuracy"":null,""latitude"":null,""longitude"":null,""postalCode"":""95035"",""state"":""CA"",""street"":""658 Gibraltar Ct""}",658 Gibraltar Ct,Milpitas,CA,95035,USA,,,,"{""city"":""Milpitas"",""country"":""USA"",""geocodeAccuracy"":null,""latitude"":null,""longitude"":null,""postalCode"":""95035"",""state"":""CA"",""street"":""658 Gibraltar Ct""}",(555) 671-1877,,,,/services/images/photo/0010R00000wEjJiQAK,,,,,,,,,,0050R0000041BRPQA2,2020-01-29T21:51:02.000+0000,0050R0000041BRPQA2,2020-01-29T21:51:02.000+0000,0050R0000041BRPQA2,2020-01-29T21:51:02.000+0000,,,,,,Pending,,,,,,,,,
0010R00000wEjJjQAK,,,Mike West,Customer,,950 East Paces Ferry Road NE,Atlanta,GA,30326,USA,,,,"{""city"":""Atlanta"",""country"":""USA"",""geocodeAccuracy"":null,""latitude"":null,""longitude"":null,""postalCode"":""30326"",""state"":""GA"",""street"":""950 East Paces Ferry Road NE""}",950 East Paces Ferry Road NE,Atlanta,GA,30326,USA,,,,"{""city"":""Atlanta"",""country"":""USA"",""geocodeAccuracy"":null,""latitude"":null,""longitude"":null,""postalCode"":""30326"",""state"":""GA"",""street"":""950 East Paces Ferry Road NE""}",(555) 475-7160,,,,/services/images/photo/0010R00000wEjJjQAK,,,,,,,,,,0050R0000041BRPQA2,2020-01-29T21:51:02.000+0000,0050R0000041BRPQA2,2020-01-29T21:51:02.000+0000,0050R0000041BRPQA2,2020-01-29T21:51:02.000+0000,,,,,,Pending,,,,,,,,,
