Id,IsDeleted,MasterRecordId,AccountId,LastName,FirstName,Salutation,Name,OtherStreet,OtherCity,OtherState,OtherPostalCode,OtherCountry,OtherLatitude,OtherLongitude,OtherGeocodeAccuracy,OtherAddress,MailingStreet,MailingCity,MailingState,MailingPostalCode,MailingCountry,MailingLatitude,MailingLongitude,MailingGeocodeAccuracy,MailingAddress,Phone,Fax,MobilePhone,HomePhone,OtherPhone,AssistantPhone,ReportsToId,Email,Title,Department,AssistantName,LeadSource,Birthdate,Description,OwnerId,CreatedDate,CreatedById,LastModifiedDate,LastModifiedById,SystemModstamp,LastActivityDate,LastCURequestDate,LastCUUpdateDate,LastViewedDate,LastReferencedDate,EmailBouncedReason,EmailBouncedDate,IsEmailBounced,PhotoUrl,Jigsaw,JigsawContactId,CleanStatus,IndividualId
0030R000010Puy2QAC,,,0010R00000wEjE3QAK,Degrasse,Burma,,Burma Degrasse,6010 London Dr,Sunset Valley,TX,78745,USA,,,,"{""city"":""Sunset Valley"",""country"":""USA"",""geocodeAccuracy"":null,""latitude"":null,""longitude"":null,""postalCode"":""78745"",""state"":""TX"",""street"":""6010 London Dr""}",6010 London Dr,Sunset Valley,TX,78745,USA,,,,"{""city"":""Sunset Valley"",""country"":""USA"",""geocodeAccuracy"":null,""latitude"":null,""longitude"":null,""postalCode"":""78745"",""state"":""TX"",""street"":""6010 London Dr""}",(555) 179-5978,,(555) 550-3548,(555) 124-8492,,,,burma.degrasse@example.com,,,,Partner Referral,1997-04-04,,0050R0000041BRPQA2,2020-01-29T21:51:01.000+0000,0050R0000041BRPQA2,2020-01-29T21:51:01.000+0000,0050R0000041BRPQA2,2020-01-29T21:51:01.000+0000,,,,,,,,,/services/images/photo/0030R000010Puy2QAC,,,Pending,
0030R000010Puy3QAC,,,0010R00000wEjE4QAK,Mari,Divina,,Divina Mari,30208 Lookout Road,Paola,KS,66071,USA,,,,"{""city"":""Paola"",""country"":""USA"",""geocodeAccuracy"":null,""latitude"":null,""longitude"":null,""postalCode"":""66071"",""state"":""KS"",""street"":""30208 Lookout Road""}",30208 Lookout Road,Paola,KS,66071,USA,,,,"{""city"":""Paola"",""country"":""USA"",""geocodeAccuracy"":null,""latitude"":null,""longitude"":null,""postalCode"":""66071"",""state"":""KS"",""street"":""30208 Lookout Road""}",(555) 468-1760,,(555) 259-6648,(555) 750-2916,,,,divina.mari@example.com,,,,Partner Referral,1990-01-10,,0050R0000041BRPQA2,2020-01-29T21:51:01.000+0000,0050R0000041BRPQA2,2020-01-29T21:51:01.000+0000,0050R0000041BRPQA2,2020-01-29T21:51:01.000+0000,,,,,,,,,/services/images/photo/0030R000010Puy3QAC,,,Pending,
0030R000010Puy4QAC,,,0010R00000wEjE5QAK,Mrotz,Sharita,,Sharita Mrotz,111 West Illinois Street,Chicago,IL,60654,USA,,,,"{""city"":""Chicago"",""country"":""USA"",""geocodeAccuracy"":null,""latitude"":null,""longitude"":null,""postalCode"":""60654"",""state"":""IL"",""street"":""111 West Illinois Street""}",111 West Illinois Street,Chicago,IL,60654,USA,,,,"{""city"":""Chicago"",""country"":""USA"",""geocodeAccuracy"":null,""latitude"":null,""longitude"":null,""postalCode"":""60654"",""state"":""IL"",""street"":""111 West Illinois Street""}",(555) 152-5091,,(555) 315-7205,(555) 967-5540,,,,sharita.mrotz@example.com,,,,Other,1946-04-08,,0050R0000041BRPQA2,2020-01-29T21:51:01.000+0000,0050R0000041BRPQA2,2020-01-29T21:51:01.000+0000,0050R0000041BRPQA2,2020-01-29T21:51:01.000+0000,,,,,,,,,/services/images/photo/0030R000010Puy4QAC,,,Pending,
0030R000010Puy5QAC,,,0010R00000wEjE6QAK,Coutinho,France,,France Coutinho,818 Sparta Hwy,Milledgeville,GA,31061,USA,,,,"{""city"":""Milledgeville"",""country"":""USA"",""geocodeAccuracy"":null,""latitude"":null,""longitude"":null,""postalCode"":""31061"",""state"":""GA"",""street"":""818 Sparta Hwy""}",818 Sparta Hwy,Milledgeville,GA,31061,USA,,,,"{""city"":""Milledgeville"",""country"":""USA"",""geocodeAccuracy"":null,""latitude"":null,""longitude"":null,""postalCode"":""31061"",""state"":""GA"",""street"":""818 Sparta Hwy""}",(555) 477-1242,,(555) 921-6070,(555) 556-6072,,,,france.coutinho@example.com,,,,Web,2005-06-08,,0050R0000041BRPQA2,2020-01-29T21:51:01.000+0000,0050R0000041BRPQA2,2020-01-29T21:51:01.000+0000,0050R0000041BRPQA2,2020-01-29T21:51:01.000+0000,,,,,,,,,/services/images/photo/0030R000010Puy5QAC,,,Pending,
0030R000010Puy6QAC,,,0010R00000wEjIyQAK,Fioravanti,Walter,,Walter Fioravanti,10 Bay Street,Toronto,ON,M5J 2R8,Canada,,,,"{""city"":""Toronto"",""country"":""Canada"",""geocodeAccuracy"":null,""latitude"":null,""longitude"":null,""postalCode"":""M5J 2R8"",""state"":""ON"",""street"":""10 Bay Street""}",10 Bay Street,Toronto,ON,M5J 2R8,Canada,,,,"{""city"":""Toronto"",""country"":""Canada"",""geocodeAccuracy"":null,""latitude"":null,""longitude"":null,""postalCode"":""M5J 2R8"",""state"":""ON"",""street"":""10 Bay Street""}",(555) 530-1971,,(555) 914-2775,(555) 118-8429,,,,walter.fioravanti@example.com,,,,Other,1964-08-28,,0050R0000041BRPQA2,2020-01-29T21:51:01.000+0000,0050R0000041BRPQA2,2020-01-29T21:51:01.000+0000,0050R0000041BRPQA2,2020-01-29T21:51:01.000+0000,,,,,,,,,/services/images/photo/0030R000010Puy6QAC,,,Pending,
0030R000010Puy7QAC,,,0010R00000wEjIzQAK,Schwantd,Hertha,,Hertha Schwantd,84 Ocean Drive,Forest Home,AL,36030,USA,,,,"{""city"":""Forest Home"",""country"":""USA"",""geocodeAccuracy"":null,""latitude"":null,""longitude"":null,""postalCode"":""36030"",""state"":""AL"",""street"":""84 Ocean Drive""}",84 Ocean Drive,Forest Home,AL,36030,USA,,,,"{""city"":""Forest Home"",""country"":""USA"",""geocodeAccuracy"":null,""latitude"":null,""longitude"":null,""postalCode"":""36030"",""state"":""AL"",""street"":""84 Ocean Drive""}",(555) 207-3882,,(555) 454-3197,(555) 224-1857,,,,hertha.schwantd@example.com,,,,Partner Referral,2001-03-31,,0050R0000041BRPQA2,2020-01-29T21:51:01.000+0000,0050R0000041BRPQA2,2020-01-29T21:51:01.000+0000,0050R0000041BRPQA2,2020-01-29T21:51:01.000+0000,,,,,,,,,/services/images/photo/0030R000010Puy7QAC,,,Pending,
0030R000010Puy8QAC,,,0010R00000wEjJ0QAK,Steenwyk,Lacey,,Lacey Steenwyk,307 Bentley Manor,Shavano Park,TX,78249,USA,,,,"{""city"":""Shavano Park"",""country"":""USA"",""geocodeAccuracy"":null,""latitude"":null,""longitude"":null,""postalCode"":""78249"",""state"":""TX"",""street"":""307 Bentley Manor""}",307 Bentley Manor,Shavano Park,TX,78249,USA,,,,"{""city"":""Shavano Park"",""country"":""USA"",""geocodeAccuracy"":null,""latitude"":null,""longitude"":null,""postalCode"":""78249"",""state"":""TX"",""street"":""307 Bentley Manor""}",(555) 460-1521,,(555) 430-9196,(555) 618-6672,,,,lacey.steenwyk@example.com,,,,Other,1988-03-25,,0050R0000041BRPQA2,2020-01-29T21:51:01.000+0000,0050R0000041BRPQA2,2020-01-29T21:51:01.000+0000,0050R0000041BRPQA2,2020-01-29T21:51:01.000+0000,,,,,,,,,/services/images/photo/0030R000010Puy8QAC,,,Pending,
0030R000010Puy9QAC,,,0010R00000wEjJ1QAK,Gunnells,Genesis,,Genesis Gunnells,5167 Pauline Field,Challis,ID,83226,USA,,,,"{""city"":""Challis"",""country"":""USA"",""geocodeAccuracy"":null,""latitude"":null,""longitude"":null,""postalCode"":""83226"",""state"":""ID"",""street"":""5167 Pauline Field""}",5167 Pauline Field,Challis,ID,83226,USA,,,,"{""city"":""Challis"",""country"":""USA"",""geocodeAccuracy"":null,""latitude"":null,""longitude"":null,""postalCode"":""83226"",""state"":""ID"",""street"":""5167 Pauline Field""}",(555) 390-8089,,(555) 729-2562,(555) 470-8306,,,,genesis.gunnells@example.com,,,,Phone Inquiry,1966-12-24,,0050R0000041BRPQA2,2020-01-29T21:51:01.000+0000,0050R0000041BRPQA2,2020-01-29T21:51:01.000+0000,0050R0000041BRPQA2,2020-01-29T21:51:01.000+0000,,,,,,,,,/services/images/photo/0030R000010Puy9QAC,,,Pending,
0030R000010PuyAQAS,,,0010R00000wEjJ2QAK,Mcclosky,Wilfred,,Wilfred Mcclosky,551 Oakdale Rd,Jamestown,NC,27282,USA,,,,"{""city"":""Jamestown"",""country"":""USA"",""geocodeAccuracy"":null,""latitude"":null,""longitude"":null,""postalCode"":""27282"",""state"":""NC"",""street"":""551 Oakdale Rd""}",551 Oakdale Rd,Jamestown,NC,27282,USA,,,,"{""city"":""Jamestown"",""country"":""USA"",""geocodeAccuracy"":null,""latitude"":null,""longitude"":null,""postalCode"":""27282"",""state"":""NC"",""street"":""551 Oakdale Rd""}",(555) 198-1207,,(555) 924-1815,(555) 702-4990,,,,wilfred.mcclosky@example.com,,,,Partner Referral,1948-02-15,,0050R0000041BRPQA2,2020-01-29T21:51:01.000+0000,0050R0000041BRPQA2,2020-01-29T21:51:01.000+0000,0050R0000041BRPQA2,2020-01-29T21:51:01.000+0000,,,,,,,,,/services/images/photo/0030R000010PuyAQAS,,,Pending,
0030R000010PuyBQAS,,,0010R00000wEjJ3QAK,Ziedan,Una,,Una Ziedan,361 Centennial Parkway,Louisville,CO,80027,USA,,,,"{""city"":""Louisville"",""country"":""USA"",""geocodeAccuracy"":null,""latitude"":null,""longitude"":null,""postalCode"":""80027"",""state"":""CO"",""street"":""361 Centennial Parkway""}",361 Centennial Parkway,Louisville,CO,80027,USA,,,,"{""city"":""Louisville"",""country"":""USA"",""geocodeAccuracy"":null,""latitude"":null,""longitude"":null,""postalCode"":""80027"",""state"":""CO"",""street"":""361 Centennial Parkway""}",(555) 198-4980,,(555) 832-7131,(555) 435-5854,,,,una.ziedan@example.com,,,,Web,1977-03-25,,0050R0000041BRPQA2,2020-01-29T21:51:01.000+0000,0050R0000041BRPQA2,2020-01-29T21:51:01.000+0000,0050R0000041BRPQA2,2020-01-29T21:51:01.000+0000,,,,,,,,,/services/images/photo/0030R000010PuyBQAS,,,Pending,
0030R000010PuyCQAS,,,0010R00000wEjJ4QAK,Chough,Bok,,Bok Chough,2035 NE Cornelius Pass Road,Hillsboro,OR,97124,USA,,,,"{""city"":""Hillsboro"",""country"":""USA"",""geocodeAccuracy"":null,""latitude"":null,""longitude"":null,""postalCode"":""97124"",""state"":""OR"",""street"":""2035 NE Cornelius Pass Road""}",2035 NE Cornelius Pass Road,Hillsboro,OR,97124,USA,,,,"{""city"":""Hillsboro"",""country"":""USA"",""geocodeAccuracy"":null,""latitude"":null,""longitude"":null,""postalCode"":""97124"",""state"":""OR"",""street"":""2035 NE Cornelius Pass Road""}",(555) 872-1350,,(555) 531-9115,(555) 493-3270,,,,bok.chough@example.com,,,,Web,1968-10-25,,0050R0000041BRPQA2,2020-01-29T21:51:01.000+0000,0050R0000041BRPQA2,2020-01-29T21:51:01.000+0000,0050R0000041BRPQA2,2020-01-29T21:51:01.000+0000,,,,,,,,,/services/images/photo/0030R000010PuyCQAS,,,Pending,
0030R000010PuyDQAS,,,0010R00000wEjJ5QAK,Groner,Jefferey,,Jefferey Groner,500 Boylston Street,Boston,MA,02116,USA,,,,"{""city"":""Boston"",""country"":""USA"",""geocodeAccuracy"":null,""latitude"":null,""longitude"":null,""postalCode"":""02116"",""state"":""MA"",""street"":""500 Boylston Street""}",500 Boylston Street,Boston,MA,02116,USA,,,,"{""city"":""Boston"",""country"":""USA"",""geocodeAccuracy"":null,""latitude"":null,""longitude"":null,""postalCode"":""02116"",""state"":""MA"",""street"":""500 Boylston Street""}",(555) 297-9786,,(555) 715-8972,(555) 225-8323,,,,jefferey.groner@example.com,,,,Partner Referral,1990-09-01,,0050R0000041BRPQA2,2020-01-29T21:51:01.000+0000,0050R0000041BRPQA2,2020-01-29T21:51:01.000+0000,0050R0000041BRPQA2,2020-01-29T21:51:01.000+0000,,,,,,,,,/services/images/photo/0030R000010PuyDQAS,,,Pending,
0030R000010PuyEQAS,,,0010R00000wEjJ6QAK,Edmison,Gena,,Gena Edmison,551 Oakdale Rd,Jamestown,NC,27282,USA,,,,"{""city"":""Jamestown"",""country"":""USA"",""geocodeAccuracy"":null,""latitude"":null,""longitude"":null,""postalCode"":""27282"",""state"":""NC"",""street"":""551 Oakdale Rd""}",551 Oakdale Rd,Jamestown,NC,27282,USA,,,,"{""city"":""Jamestown"",""country"":""USA"",""geocodeAccuracy"":null,""latitude"":null,""longitude"":null,""postalCode"":""27282"",""state"":""NC"",""street"":""551 Oakdale Rd""}",(555) 664-2548,,(555) 845-9070,(555) 769-5552,,,,gena.edmison@example.com,,,,Partner Referral,1953-09-10,,0050R0000041BRPQA2,2020-01-29T21:51:01.000+0000,0050R0000041BRPQA2,2020-01-29T21:51:01.000+0000,0050R0000041BRPQA2,2020-01-29T21:51:01.000+0000,,,,,,,,,/services/images/photo/0030R000010PuyEQAS,,,Pending,
0030R000010PuyFQAS,,,0010R00000wEjJ7QAK,Pott,Elaina,,Elaina Pott,929 108th Ave NE,Bellevue,WA,98004,USA,,,,"{""city"":""Bellevue"",""country"":""USA"",""geocodeAccuracy"":null,""latitude"":null,""longitude"":null,""postalCode"":""98004"",""state"":""WA"",""street"":""929 108th Ave NE""}",929 108th Ave NE,Bellevue,WA,98004,USA,,,,"{""city"":""Bellevue"",""country"":""USA"",""geocodeAccuracy"":null,""latitude"":null,""longitude"":null,""postalCode"":""98004"",""state"":""WA"",""street"":""929 108th Ave NE""}",(555) 941-8678,,(555) 440-4663,(555) 280-8462,,,,elaina.pott@example.com,,,,Partner Referral,1969-02-16,,0050R0000041BRPQA2,2020-01-29T21:51:01.000+0000,0050R0000041BRPQA2,2020-01-29T21:51:01.000+0000,0050R0000041BRPQA2,2020-01-29T21:51:01.000+0000,,,,,,,,,/services/images/photo/0030R000010PuyFQAS,,,Pending,
0030R000010PuyGQAS,,,0010R00000wEjJ8QAK,Trentz,Cristin,,Cristin Trentz,23 Browns Lake Road,Helmville,MT,59843,USA,,,,"{""city"":""Helmville"",""country"":""USA"",""geocodeAccuracy"":null,""latitude"":null,""longitude"":null,""postalCode"":""59843"",""state"":""MT"",""street"":""23 Browns Lake Road""}",23 Browns Lake Road,Helmville,MT,59843,USA,,,,"{""city"":""Helmville"",""country"":""USA"",""geocodeAccuracy"":null,""latitude"":null,""longitude"":null,""postalCode"":""59843"",""state"":""MT"",""street"":""23 Browns Lake Road""}",(555) 359-8705,,(555) 139-7385,(555) 303-9380,,,,cristin.trentz@example.com,,,,Other,1970-03-05,,0050R0000041BRPQA2,2020-01-29T21:51:01.000+0000,0050R0000041BRPQA2,2020-01-29T21:51:01.000+0000,0050R0000041BRPQA2,2020-01-29T21:51:01.000+0000,,,,,,,,,/services/images/photo/0030R000010PuyGQAS,,,Pending,
0030R000010PuyHQAS,,,0010R00000wEjJ9QAK,Canonica,Claire,,Claire Canonica,542 Candido Hills,Miles City,MT,59301,USA,,,,"{""city"":""Miles City"",""country"":""USA"",""geocodeAccuracy"":null,""latitude"":null,""longitude"":null,""postalCode"":""59301"",""state"":""MT"",""street"":""542 Candido Hills""}",542 Candido Hills,Miles City,MT,59301,USA,,,,"{""city"":""Miles City"",""country"":""USA"",""geocodeAccuracy"":null,""latitude"":null,""longitude"":null,""postalCode"":""59301"",""state"":""MT"",""street"":""542 Candido Hills""}",(555) 888-2350,,(555) 810-2977,(555) 825-2402,,,,claire.canonica@example.com,,,,Partner Referral,1943-03-28,,0050R0000041BRPQA2,2020-01-29T21:51:01.000+0000,0050R0000041BRPQA2,2020-01-29T21:51:01.000+0000,0050R0000041BRPQA2,2020-01-29T21:51:01.000+0000,,,,,,,,,/services/images/photo/0030R000010PuyHQAS,,,Pending,
0030R000010PuyIQAS,,,0010R00000wEjJAQA0,Gorglione,Hye,,Hye Gorglione,2084 Waelchi Road,Denton,MT,59430,USA,,,,"{""city"":""Denton"",""country"":""USA"",""geocodeAccuracy"":null,""latitude"":null,""longitude"":null,""postalCode"":""59430"",""state"":""MT"",""street"":""2084 Waelchi Road""}",2084 Waelchi Road,Denton,MT,59430,USA,,,,"{""city"":""Denton"",""country"":""USA"",""geocodeAccuracy"":null,""latitude"":null,""longitude"":null,""postalCode"":""59430"",""state"":""MT"",""street"":""2084 Waelchi Road""}",(555) 935-5600,,(555) 418-9745,(555) 661-6763,,,,hye.gorglione@example.com,,,,Web,1956-12-16,,0050R0000041BRPQA2,2020-01-29T21:51:01.000+0000,0050R0000041BRPQA2,2020-01-29T21:51:01.000+0000,0050R0000041BRPQA2,2020-01-29T21:51:01.000+0000,,,,,,,,,/services/images/photo/0030R000010PuyIQAS,,,Pending,
0030R000010PuyJQAS,,,0010R00000wEjJBQA0,Berberian,Twanda,,Twanda Berberian,22655 Fairfield Rd,St Augusta,MN,56301,USA,,,,"{""city"":""St Augusta"",""country"":""USA"",""geocodeAccuracy"":null,""latitude"":null,""longitude"":null,""postalCode"":""56301"",""state"":""MN"",""street"":""22655 Fairfield Rd""}",22655 Fairfield Rd,St Augusta,MN,56301,USA,,,,"{""city"":""St Augusta"",""country"":""USA"",""geocodeAccuracy"":null,""latitude"":null,""longitude"":null,""postalCode"":""56301"",""state"":""MN"",""street"":""22655 Fairfield Rd""}",(555) 727-2021,,(555) 267-7827,(555) 878-1112,,,,twanda.berberian@example.com,,,,Phone Inquiry,1972-09-13,,0050R0000041BRPQA2,2020-01-29T21:51:01.000+0000,0050R0000041BRPQA2,2020-01-29T21:51:01.000+0000,0050R0000041BRPQA2,2020-01-29T21:51:01.000+0000,,,,,,,,,/services/images/photo/0030R000010PuyJQAS,,,Pending,
0030R000010PuyKQAS,,,0010R00000wEjJCQA0,Martenson,Hilaria,,Hilaria Martenson,1335 Madison St NE,Salem,OR,97301,USA,,,,"{""city"":""Salem"",""country"":""USA"",""geocodeAccuracy"":null,""latitude"":null,""longitude"":null,""postalCode"":""97301"",""state"":""OR"",""street"":""1335 Madison St NE""}",1335 Madison St NE,Salem,OR,97301,USA,,,,"{""city"":""Salem"",""country"":""USA"",""geocodeAccuracy"":null,""latitude"":null,""longitude"":null,""postalCode"":""97301"",""state"":""OR"",""street"":""1335 Madison St NE""}",(555) 919-9456,,(555) 974-7998,(555) 297-6440,,,,hilaria.martenson@example.com,,,,Web,1947-01-12,,0050R0000041BRPQA2,2020-01-29T21:51:01.000+0000,0050R0000041BRPQA2,2020-01-29T21:51:01.000+0000,0050R0000041BRPQA2,2020-01-29T21:51:01.000+0000,,,,,,,,,/services/images/photo/0030R000010PuyKQAS,,,Pending,
0030R000010PuyLQAS,,,0010R00000wEjJDQA0,Darrow,Hyo,,Hyo Darrow,2550 Wasser Terrace,Herndon,VA,20171,USA,,,,"{""city"":""Herndon"",""country"":""USA"",""geocodeAccuracy"":null,""latitude"":null,""longitude"":null,""postalCode"":""20171"",""state"":""VA"",""street"":""2550 Wasser Terrace""}",2550 Wasser Terrace,Herndon,VA,20171,USA,,,,"{""city"":""Herndon"",""country"":""USA"",""geocodeAccuracy"":null,""latitude"":null,""longitude"":null,""postalCode"":""20171"",""state"":""VA"",""street"":""2550 Wasser Terrace""}",(555) 159-6548,,(555) 460-5033,(555) 935-5204,,,,hyo.darrow@example.com,,,,Partner Referral,1948-05-25,,0050R0000041BRPQA2,2020-01-29T21:51:01.000+0000,0050R0000041BRPQA2,2020-01-29T21:51:01.000+0000,0050R0000041BRPQA2,2020-01-29T21:51:01.000+0000,,,,,,,,,/services/images/photo/0030R000010PuyLQAS,,,Pending,
0030R000010PuyMQAS,,,0010R00000wEjJEQA0,Hsueh,Norbert,,Norbert Hsueh,500 Boylston Street,Boston,MA,02116,USA,,,,"{""city"":""Boston"",""country"":""USA"",""geocodeAccuracy"":null,""latitude"":null,""longitude"":null,""postalCode"":""02116"",""state"":""MA"",""street"":""500 Boylston Street""}",500 Boylston Street,Boston,MA,02116,USA,,,,"{""city"":""Boston"",""country"":""USA"",""geocodeAccuracy"":null,""latitude"":null,""longitude"":null,""postalCode"":""02116"",""state"":""MA"",""street"":""500 Boylston Street""}",(555) 277-4116,,(555) 530-5125,(555) 695-2659,,,,norbert.hsueh@example.com,,,,Web,1967-10-01,,0050R0000041BRPQA2,2020-01-29T21:51:01.000+0000,0050R0000041BRPQA2,2020-01-29T21:51:01.000+0000,0050R0000041BRPQA2,2020-01-29T21:51:01.000+0000,,,,,,,,,/services/images/photo/0030R000010PuyMQAS,,,Pending,
0030R000010PuyNQAS,,,0010R00000wEjJFQA0,Crull,Annamarie,,Annamarie Crull,361 Centennial Parkway,Louisville,CO,80027,USA,,,,"{""city"":""Louisville"",""country"":""USA"",""geocodeAccuracy"":null,""latitude"":null,""longitude"":null,""postalCode"":""80027"",""state"":""CO"",""street"":""361 Centennial Parkway""}",361 Centennial Parkway,Louisville,CO,80027,USA,,,,"{""city"":""Louisville"",""country"":""USA"",""geocodeAccuracy"":null,""latitude"":null,""longitude"":null,""postalCode"":""80027"",""state"":""CO"",""street"":""361 Centennial Parkway""}",(555) 115-9439,,(555) 222-7329,(555) 141-6487,,,,annamarie.crull@example.com,,,,Phone Inquiry,1975-12-16,,0050R0000041BRPQA2,2020-01-29T21:51:01.000+0000,0050R0000041BRPQA2,2020-01-29T21:51:01.000+0000,0050R0000041BRPQA2,2020-01-29T21:51:01.000+0000,,,,,,,,,/services/images/photo/0030R000010PuyNQAS,,,Pending,
0030R000010PuyOQAS,,,0010R00000wEjJGQA0,Eagan,Chester,,Chester Eagan,929 108th Ave NE,Bellevue,WA,98004,USA,,,,"{""city"":""Bellevue"",""country"":""USA"",""geocodeAccuracy"":null,""latitude"":null,""longitude"":null,""postalCode"":""98004"",""state"":""WA"",""street"":""929 108th Ave NE""}",929 108th Ave NE,Bellevue,WA,98004,USA,,,,"{""city"":""Bellevue"",""country"":""USA"",""geocodeAccuracy"":null,""latitude"":null,""longitude"":null,""postalCode"":""98004"",""state"":""WA"",""street"":""929 108th Ave NE""}",(555) 256-1351,,(555) 531-3302,(555) 375-1372,,,,chester.eagan@example.com,,,,Phone Inquiry,1941-06-14,,0050R0000041BRPQA2,2020-01-29T21:51:01.000+0000,0050R0000041BRPQA2,2020-01-29T21:51:01.000+0000,0050R0000041BRPQA2,2020-01-29T21:51:01.000+0000,,,,,,,,,/services/images/photo/0030R000010PuyOQAS,,,Pending,
0030R000010PuyPQAS,,,0010R00000wEjJHQA0,Mcinally,Oren,,Oren Mcinally,1541 E 4th St,Casper,WY,82601,USA,,,,"{""city"":""Casper"",""country"":""USA"",""geocodeAccuracy"":null,""latitude"":null,""longitude"":null,""postalCode"":""82601"",""state"":""WY"",""street"":""1541 E 4th St""}",1541 E 4th St,Casper,WY,82601,USA,,,,"{""city"":""Casper"",""country"":""USA"",""geocodeAccuracy"":null,""latitude"":null,""longitude"":null,""postalCode"":""82601"",""state"":""WY"",""street"":""1541 E 4th St""}",(555) 647-2925,,(555) 504-1184,(555) 536-5251,,,,oren.mcinally@example.com,,,,Phone Inquiry,1947-11-25,,0050R0000041BRPQA2,2020-01-29T21:51:01.000+0000,0050R0000041BRPQA2,2020-01-29T21:51:01.000+0000,0050R0000041BRPQA2,2020-01-29T21:51:01.000+0000,,,,,,,,,/services/images/photo/0030R000010PuyPQAS,,,Pending,
0030R000010PuyQQAS,,,0010R00000wEjJIQA0,Warton,Vanesa,,Vanesa Warton,301 Sherman Street,Huntington,IN,46750,USA,,,,"{""city"":""Huntington"",""country"":""USA"",""geocodeAccuracy"":null,""latitude"":null,""longitude"":null,""postalCode"":""46750"",""state"":""IN"",""street"":""301 Sherman Street""}",301 Sherman Street,Huntington,IN,46750,USA,,,,"{""city"":""Huntington"",""country"":""USA"",""geocodeAccuracy"":null,""latitude"":null,""longitude"":null,""postalCode"":""46750"",""state"":""IN"",""street"":""301 Sherman Street""}",(555) 961-8128,,(555) 194-2565,(555) 691-7252,,,,vanesa.warton@example.com,,,,Phone Inquiry,2004-12-29,,0050R0000041BRPQA2,2020-01-29T21:51:01.000+0000,0050R0000041BRPQA2,2020-01-29T21:51:01.000+0000,0050R0000041BRPQA2,2020-01-29T21:51:01.000+0000,,,,,,,,,/services/images/photo/0030R000010PuyQQAS,,,Pending,
0030R000010PuyRQAS,,,0010R00000wEjJJQA0,Killam,Imogene,,Imogene Killam,4561 Springdale Rd,Millbrook,AL,36054,USA,,,,"{""city"":""Millbrook"",""country"":""USA"",""geocodeAccuracy"":null,""latitude"":null,""longitude"":null,""postalCode"":""36054"",""state"":""AL"",""street"":""4561 Springdale Rd""}",4561 Springdale Rd,Millbrook,AL,36054,USA,,,,"{""city"":""Millbrook"",""country"":""USA"",""geocodeAccuracy"":null,""latitude"":null,""longitude"":null,""postalCode"":""36054"",""state"":""AL"",""street"":""4561 Springdale Rd""}",(555) 476-2281,,(555) 946-9401,(555) 949-9082,,,,imogene.killam@example.com,,,,Partner Referral,1961-04-04,,0050R0000041BRPQA2,2020-01-29T21:51:01.000+0000,0050R0000041BRPQA2,2020-01-29T21:51:01.000+0000,0050R0000041BRPQA2,2020-01-29T21:51:01.000+0000,,,,,,,,,/services/images/photo/0030R000010PuyRQAS,,,Pending,
0030R000010PuySQAS,,,0010R00000wEjJKQA0,Caravantes,Coralie,,Coralie Caravantes,541 SW Georgetown Way,Beaverton,OR,97006,USA,,,,"{""city"":""Beaverton"",""country"":""USA"",""geocodeAccuracy"":null,""latitude"":null,""longitude"":null,""postalCode"":""97006"",""state"":""OR"",""street"":""541 SW Georgetown Way""}",541 SW Georgetown Way,Beaverton,OR,97006,USA,,,,"{""city"":""Beaverton"",""country"":""USA"",""geocodeAccuracy"":null,""latitude"":null,""longitude"":null,""postalCode"":""97006"",""state"":""OR"",""street"":""541 SW Georgetown Way""}",(555) 195-4933,,(555) 145-4923,(555) 390-9049,,,,coralie.caravantes@example.com,,,,Partner Referral,1995-09-25,,0050R0000041BRPQA2,2020-01-29T21:51:01.000+0000,0050R0000041BRPQA2,2020-01-29T21:51:01.000+0000,0050R0000041BRPQA2,2020-01-29T21:51:01.000+0000,,,,,,,,,/services/images/photo/0030R000010PuySQAS,,,Pending,
0030R000010PuyTQAS,,,0010R00000wEjJLQA0,Yearicks,Juanita,,Juanita Yearicks,900 Bulldog Run,Rolla,MO,65401,USA,,,,"{""city"":""Rolla"",""country"":""USA"",""geocodeAccuracy"":null,""latitude"":null,""longitude"":null,""postalCode"":""65401"",""state"":""MO"",""street"":""900 Bulldog Run""}",900 Bulldog Run,Rolla,MO,65401,USA,,,,"{""city"":""Rolla"",""country"":""USA"",""geocodeAccuracy"":null,""latitude"":null,""longitude"":null,""postalCode"":""65401"",""state"":""MO"",""street"":""900 Bulldog Run""}",(555) 444-9781,,(555) 708-9968,(555) 719-2539,,,,juanita.yearicks@example.com,,,,Web,1958-09-19,,0050R0000041BRPQA2,2020-01-29T21:51:01.000+0000,0050R0000041BRPQA2,2020-01-29T21:51:01.000+0000,0050R0000041BRPQA2,2020-01-29T21:51:01.000+0000,,,,,,,,,/services/images/photo/0030R000010PuyTQAS,,,Pending,
0030R000010PuyUQAS,,,0010R00000wEjJMQA0,Saavedra,Kassie,,Kassie Saavedra,1095 Avenue of the Americas,New York,NY,10036,USA,,,,"{""city"":""New York"",""country"":""USA"",""geocodeAccuracy"":null,""latitude"":null,""longitude"":null,""postalCode"":""10036"",""state"":""NY"",""street"":""1095 Avenue of the Americas""}",1095 Avenue of the Americas,New York,NY,10036,USA,,,,"{""city"":""New York"",""country"":""USA"",""geocodeAccuracy"":null,""latitude"":null,""longitude"":null,""postalCode"":""10036"",""state"":""NY"",""street"":""1095 Avenue of the Americas""}",(555) 287-1369,,(555) 756-3381,(555) 432-7587,,,,kassie.saavedra@example.com,,,,Partner Referral,1995-01-24,,0050R0000041BRPQA2,2020-01-29T21:51:01.000+0000,0050R0000041BRPQA2,2020-01-29T21:51:01.000+0000,0050R0000041BRPQA2,2020-01-29T21:51:01.000+0000,,,,,,,,,/services/images/photo/0030R000010PuyUQAS,,,Pending,
0030R000010PuyVQAS,,,0010R00000wEjJNQA0,Alquicira,Megan,,Megan Alquicira,87 Arizona 87,Coolidge,AZ,85128,USA,,,,"{""city"":""Coolidge"",""country"":""USA"",""geocodeAccuracy"":null,""latitude"":null,""longitude"":null,""postalCode"":""85128"",""state"":""AZ"",""street"":""87 Arizona 87""}",87 Arizona 87,Coolidge,AZ,85128,USA,,,,"{""city"":""Coolidge"",""country"":""USA"",""geocodeAccuracy"":null,""latitude"":null,""longitude"":null,""postalCode"":""85128"",""state"":""AZ"",""street"":""87 Arizona 87""}",(555) 137-3678,,(555) 486-3559,(555) 565-8733,,,,megan.alquicira@example.com,,,,Web,1965-01-17,,0050R0000041BRPQA2,2020-01-29T21:51:01.000+0000,0050R0000041BRPQA2,2020-01-29T21:51:01.000+0000,0050R0000041BRPQA2,2020-01-29T21:51:01.000+0000,,,,,,,,,/services/images/photo/0030R000010PuyVQAS,,,Pending,
0030R000010PuyWQAS,,,0010R00000wEjJOQA0,Naderman,Tyron,,Tyron Naderman,1541 E 4th St,Casper,WY,82601,USA,,,,"{""city"":""Casper"",""country"":""USA"",""geocodeAccuracy"":null,""latitude"":null,""longitude"":null,""postalCode"":""82601"",""state"":""WY"",""street"":""1541 E 4th St""}",1541 E 4th St,Casper,WY,82601,USA,,,,"{""city"":""Casper"",""country"":""USA"",""geocodeAccuracy"":null,""latitude"":null,""longitude"":null,""postalCode"":""82601"",""state"":""WY"",""street"":""1541 E 4th St""}",(555) 826-5943,,(555) 348-2575,(555) 524-1372,,,,tyron.naderman@example.com,,,,Phone Inquiry,1978-09-20,,0050R0000041BRPQA2,2020-01-29T21:51:01.000+0000,0050R0000041BRPQA2,2020-01-29T21:51:01.000+0000,0050R0000041BRPQA2,2020-01-29T21:51:01.000+0000,,,,,,,,,/services/images/photo/0030R000010PuyWQAS,,,Pending,
0030R000010PuyXQAS,,,0010R00000wEjJPQA0,Libert,Bud,,Bud Libert,307 Bentley Manor,Shavano Park,TX,78249,USA,,,,"{""city"":""Shavano Park"",""country"":""USA"",""geocodeAccuracy"":null,""latitude"":null,""longitude"":null,""postalCode"":""78249"",""state"":""TX"",""street"":""307 Bentley Manor""}",307 Bentley Manor,Shavano Park,TX,78249,USA,,,,"{""city"":""Shavano Park"",""country"":""USA"",""geocodeAccuracy"":null,""latitude"":null,""longitude"":null,""postalCode"":""78249"",""state"":""TX"",""street"":""307 Bentley Manor""}",(555) 561-4171,,(555) 135-4082,(555) 930-3820,,,,bud.libert@example.com,,,,Partner Referral,2000-10-18,,0050R0000041BRPQA2,2020-01-29T21:51:01.000+0000,0050R0000041BRPQA2,2020-01-29T21:51:01.000+0000,0050R0000041BRPQA2,2020-01-29T21:51:01.000+0000,,,,,,,,,/services/images/photo/0030R000010PuyXQAS,,,Pending,
0030R000010PuyYQAS,,,0010R00000wEjJQQA0,Neidlinger,Mitsue,,Mitsue Neidlinger,4561 Springdale Rd,Millbrook,AL,36054,USA,,,,"{""city"":""Millbrook"",""country"":""USA"",""geocodeAccuracy"":null,""latitude"":null,""longitude"":null,""postalCode"":""36054"",""state"":""AL"",""street"":""4561 Springdale Rd""}",4561 Springdale Rd,Millbrook,AL,36054,USA,,,,"{""city"":""Millbrook"",""country"":""USA"",""geocodeAccuracy"":null,""latitude"":null,""longitude"":null,""postalCode"":""36054"",""state"":""AL"",""street"":""4561 Springdale Rd""}",(555) 378-7905,,(555) 447-1409,(555) 790-3569,,,,mitsue.neidlinger@example.com,,,,Phone Inquiry,1968-05-16,,0050R0000041BRPQA2,2020-01-29T21:51:01.000+0000,0050R0000041BRPQA2,2020-01-29T21:51:01.000+0000,0050R0000041BRPQA2,2020-01-29T21:51:01.000+0000,,,,,,,,,/services/images/photo/0030R000010PuyYQAS,,,Pending,
0030R000010PuyZQAS,,,0010R00000wEjJRQA0,Laakso,Min,,Min Laakso,77820 Vineyard Canyon Road,San Miguel,CA,93451,USA,,,,"{""city"":""San Miguel"",""country"":""USA"",""geocodeAccuracy"":null,""latitude"":null,""longitude"":null,""postalCode"":""93451"",""state"":""CA"",""street"":""77820 Vineyard Canyon Road""}",77820 Vineyard Canyon Road,San Miguel,CA,93451,USA,,,,"{""city"":""San Miguel"",""country"":""USA"",""geocodeAccuracy"":null,""latitude"":null,""longitude"":null,""postalCode"":""93451"",""state"":""CA"",""street"":""77820 Vineyard Canyon Road""}",(555) 755-8189,,(555) 834-1715,(555) 391-5577,,,,min.laakso@example.com,,,,Partner Referral,1953-08-17,,0050R0000041BRPQA2,2020-01-29T21:51:01.000+0000,0050R0000041BRPQA2,2020-01-29T21:51:01.000+0000,0050R0000041BRPQA2,2020-01-29T21:51:01.000+0000,,,,,,,,,/services/images/photo/0030R000010PuyZQAS,,,Pending,
0030R000010PuyaQAC,,,0010R00000wEjJSQA0,Medved,Lovetta,,Lovetta Medved,2084 Waelchi Road,Denton,MT,59430,USA,,,,"{""city"":""Denton"",""country"":""USA"",""geocodeAccuracy"":null,""latitude"":null,""longitude"":null,""postalCode"":""59430"",""state"":""MT"",""street"":""2084 Waelchi Road""}",2084 Waelchi Road,Denton,MT,59430,USA,,,,"{""city"":""Denton"",""country"":""USA"",""geocodeAccuracy"":null,""latitude"":null,""longitude"":null,""postalCode"":""59430"",""state"":""MT"",""street"":""2084 Waelchi Road""}",(555) 387-4381,,(555) 879-6300,(555) 198-7699,,,,lovetta.medved@example.com,,,,Phone Inquiry,1984-07-28,,0050R0000041BRPQA2,2020-01-29T21:51:01.000+0000,0050R0000041BRPQA2,2020-01-29T21:51:01.000+0000,0050R0000041BRPQA2,2020-01-29T21:51:01.000+0000,,,,,,,,,/services/images/photo/0030R000010PuyaQAC,,,Pending,
0030R000010PuybQAC,,,0010R00000wEjJTQA0,Valdespino,Tora,,Tora Valdespino,620 N Westmoreland Rd,DeSoto,TX,75115,USA,,,,"{""city"":""DeSoto"",""country"":""USA"",""geocodeAccuracy"":null,""latitude"":null,""longitude"":null,""postalCode"":""75115"",""state"":""TX"",""street"":""620 N Westmoreland Rd""}",620 N Westmoreland Rd,DeSoto,TX,75115,USA,,,,"{""city"":""DeSoto"",""country"":""USA"",""geocodeAccuracy"":null,""latitude"":null,""longitude"":null,""postalCode"":""75115"",""state"":""TX"",""street"":""620 N Westmoreland Rd""}",(555) 544-3559,,(555) 325-1547,(555) 338-5158,,,,tora.valdespino@example.com,,,,Web,1951-12-22,,0050R0000041BRPQA2,2020-01-29T21:51:01.000+0000,0050R0000041BRPQA2,2020-01-29T21:51:01.000+0000,0050R0000041BRPQA2,2020-01-29T21:51:01.000+0000,,,,,,,,,/services/images/photo/0030R000010PuybQAC,,,Pending,
0030R000010PuycQAC,,,0010R00000wEjJUQA0,Burrington,Asuncion,,Asuncion Burrington,175 Dunlap Road,Craigmont,ID,83523,USA,,,,"{""city"":""Craigmont"",""country"":""USA"",""geocodeAccuracy"":null,""latitude"":null,""longitude"":null,""postalCode"":""83523"",""state"":""ID"",""street"":""175 Dunlap Road""}",175 Dunlap Road,Craigmont,ID,83523,USA,,,,"{""city"":""Craigmont"",""country"":""USA"",""geocodeAccuracy"":null,""latitude"":null,""longitude"":null,""postalCode"":""83523"",""state"":""ID"",""street"":""175 Dunlap Road""}",(555) 545-4194,,(555) 116-4818,(555) 429-3929,,,,asuncion.burrington@example.com,,,,Partner Referral,1958-12-18,,0050R0000041BRPQA2,2020-01-29T21:51:01.000+0000,0050R0000041BRPQA2,2020-01-29T21:51:01.000+0000,0050R0000041BRPQA2,2020-01-29T21:51:01.000+0000,,,,,,,,,/services/images/photo/0030R000010PuycQAC,,,Pending,
0030R000010PuydQAC,,,0010R00000wEjJVQA0,Shambley,Richelle,,Richelle Shambley,7452 30th Avenue Northeast,Willow City,ND,58384,USA,,,,"{""city"":""Willow City"",""country"":""USA"",""geocodeAccuracy"":null,""latitude"":null,""longitude"":null,""postalCode"":""58384"",""state"":""ND"",""street"":""7452 30th Avenue Northeast""}",7452 30th Avenue Northeast,Willow City,ND,58384,USA,,,,"{""city"":""Willow City"",""country"":""USA"",""geocodeAccuracy"":null,""latitude"":null,""longitude"":null,""postalCode"":""58384"",""state"":""ND"",""street"":""7452 30th Avenue Northeast""}",(555) 377-1581,,(555) 451-9021,(555) 885-5736,,,,richelle.shambley@example.com,,,,Phone Inquiry,1969-03-25,,0050R0000041BRPQA2,2020-01-29T21:51:01.000+0000,0050R0000041BRPQA2,2020-01-29T21:51:01.000+0000,0050R0000041BRPQA2,2020-01-29T21:51:01.000+0000,,,,,,,,,/services/images/photo/0030R000010PuydQAC,,,Pending,
0030R000010PuyeQAC,,,0010R00000wEjJWQA0,Roskop,Roselee,,Roselee Roskop,175 Dunlap Road,Craigmont,ID,83523,USA,,,,"{""city"":""Craigmont"",""country"":""USA"",""geocodeAccuracy"":null,""latitude"":null,""longitude"":null,""postalCode"":""83523"",""state"":""ID"",""street"":""175 Dunlap Road""}",175 Dunlap Road,Craigmont,ID,83523,USA,,,,"{""city"":""Craigmont"",""country"":""USA"",""geocodeAccuracy"":null,""latitude"":null,""longitude"":null,""postalCode"":""83523"",""state"":""ID"",""street"":""175 Dunlap Road""}",(555) 132-6634,,(555) 236-9436,(555) 858-8212,,,,roselee.roskop@example.com,,,,Phone Inquiry,1952-09-02,,0050R0000041BRPQA2,2020-01-29T21:51:01.000+0000,0050R0000041BRPQA2,2020-01-29T21:51:01.000+0000,0050R0000041BRPQA2,2020-01-29T21:51:01.000+0000,,,,,,,,,/services/images/photo/0030R000010PuyeQAC,,,Pending,
0030R000010PuyfQAC,,,0010R00000wEjJXQA0,Jellinek,Laurine,,Laurine Jellinek,174 Unnamed Road,Youngstown,FL,32466,USA,,,,"{""city"":""Youngstown"",""country"":""USA"",""geocodeAccuracy"":null,""latitude"":null,""longitude"":null,""postalCode"":""32466"",""state"":""FL"",""street"":""174 Unnamed Road""}",174 Unnamed Road,Youngstown,FL,32466,USA,,,,"{""city"":""Youngstown"",""country"":""USA"",""geocodeAccuracy"":null,""latitude"":null,""longitude"":null,""postalCode"":""32466"",""state"":""FL"",""street"":""174 Unnamed Road""}",(555) 613-7848,,(555) 163-8025,(555) 292-7992,,,,laurine.jellinek@example.com,,,,Other,2000-07-07,,0050R0000041BRPQA2,2020-01-29T21:51:01.000+0000,0050R0000041BRPQA2,2020-01-29T21:51:01.000+0000,0050R0000041BRPQA2,2020-01-29T21:51:01.000+0000,,,,,,,,,/services/images/photo/0030R000010PuyfQAC,,,Pending,
0030R000010PuygQAC,,,0010R00000wEjJYQA0,Swiat,Marcie,,Marcie Swiat,175 Dunlap Road,Craigmont,ID,83523,USA,,,,"{""city"":""Craigmont"",""country"":""USA"",""geocodeAccuracy"":null,""latitude"":null,""longitude"":null,""postalCode"":""83523"",""state"":""ID"",""street"":""175 Dunlap Road""}",175 Dunlap Road,Craigmont,ID,83523,USA,,,,"{""city"":""Craigmont"",""country"":""USA"",""geocodeAccuracy"":null,""latitude"":null,""longitude"":null,""postalCode"":""83523"",""state"":""ID"",""street"":""175 Dunlap Road""}",(555) 966-9413,,(555) 809-2866,(555) 717-3808,,,,marcie.swiat@example.com,,,,Other,1960-05-19,,0050R0000041BRPQA2,2020-01-29T21:51:01.000+0000,0050R0000041BRPQA2,2020-01-29T21:51:01.000+0000,0050R0000041BRPQA2,2020-01-29T21:51:01.000+0000,,,,,,,,,/services/images/photo/0030R000010PuygQAC,,,Pending,
0030R000010PuyhQAC,,,0010R00000wEjJZQA0,Dastrup,Majorie,,Majorie Dastrup,500 Boylston Street,Boston,MA,02116,USA,,,,"{""city"":""Boston"",""country"":""USA"",""geocodeAccuracy"":null,""latitude"":null,""longitude"":null,""postalCode"":""02116"",""state"":""MA"",""street"":""500 Boylston Street""}",500 Boylston Street,Boston,MA,02116,USA,,,,"{""city"":""Boston"",""country"":""USA"",""geocodeAccuracy"":null,""latitude"":null,""longitude"":null,""postalCode"":""02116"",""state"":""MA"",""street"":""500 Boylston Street""}",(555) 967-1371,,(555) 889-7186,(555) 721-7446,,,,majorie.dastrup@example.com,,,,Web,1975-05-10,,0050R0000041BRPQA2,2020-01-29T21:51:01.000+0000,0050R0000041BRPQA2,2020-01-29T21:51:01.000+0000,0050R0000041BRPQA2,2020-01-29T21:51:01.000+0000,,,,,,,,,/services/images/photo/0030R000010PuyhQAC,,,Pending,
0030R000010PuyiQAC,,,0010R00000wEjJaQAK,Kerce,Carylon,,Carylon Kerce,2035 NE Cornelius Pass Road,Hillsboro,OR,97124,USA,,,,"{""city"":""Hillsboro"",""country"":""USA"",""geocodeAccuracy"":null,""latitude"":null,""longitude"":null,""postalCode"":""97124"",""state"":""OR"",""street"":""2035 NE Cornelius Pass Road""}",2035 NE Cornelius Pass Road,Hillsboro,OR,97124,USA,,,,"{""city"":""Hillsboro"",""country"":""USA"",""geocodeAccuracy"":null,""latitude"":null,""longitude"":null,""postalCode"":""97124"",""state"":""OR"",""street"":""2035 NE Cornelius Pass Road""}",(555) 135-6155,,(555) 566-2325,(555) 299-4094,,,,carylon.kerce@example.com,,,,Partner Referral,1951-04-16,,0050R0000041BRPQA2,2020-01-29T21:51:01.000+0000,0050R0000041BRPQA2,2020-01-29T21:51:01.000+0000,0050R0000041BRPQA2,2020-01-29T21:51:01.000+0000,,,,,,,,,/services/images/photo/0030R000010PuyiQAC,,,Pending,
0030R000010PuyjQAC,,,0010R00000wEjJbQAK,Blakstad,Joi,,Joi Blakstad,84 Ocean Drive,Forest Home,AL,36030,USA,,,,"{""city"":""Forest Home"",""country"":""USA"",""geocodeAccuracy"":null,""latitude"":null,""longitude"":null,""postalCode"":""36030"",""state"":""AL"",""street"":""84 Ocean Drive""}",84 Ocean Drive,Forest Home,AL,36030,USA,,,,"{""city"":""Forest Home"",""country"":""USA"",""geocodeAccuracy"":null,""latitude"":null,""longitude"":null,""postalCode"":""36030"",""state"":""AL"",""street"":""84 Ocean Drive""}",(555) 664-7612,,(555) 155-9073,(555) 576-9418,,,,joi.blakstad@example.com,,,,Phone Inquiry,1982-04-13,,0050R0000041BRPQA2,2020-01-29T21:51:01.000+0000,0050R0000041BRPQA2,2020-01-29T21:51:01.000+0000,0050R0000041BRPQA2,2020-01-29T21:51:01.000+0000,,,,,,,,,/services/images/photo/0030R000010PuyjQAC,,,Pending,
0030R000010PuykQAC,,,0010R00000wEjJcQAK,Caddick,Lennie,,Lennie Caddick,4561 Springdale Rd,Millbrook,AL,36054,USA,,,,"{""city"":""Millbrook"",""country"":""USA"",""geocodeAccuracy"":null,""latitude"":null,""longitude"":null,""postalCode"":""36054"",""state"":""AL"",""street"":""4561 Springdale Rd""}",4561 Springdale Rd,Millbrook,AL,36054,USA,,,,"{""city"":""Millbrook"",""country"":""USA"",""geocodeAccuracy"":null,""latitude"":null,""longitude"":null,""postalCode"":""36054"",""state"":""AL"",""street"":""4561 Springdale Rd""}",(555) 407-7469,,(555) 131-6384,(555) 814-3261,,,,lennie.caddick@example.com,,,,Partner Referral,2001-02-19,,0050R0000041BRPQA2,2020-01-29T21:51:01.000+0000,0050R0000041BRPQA2,2020-01-29T21:51:01.000+0000,0050R0000041BRPQA2,2020-01-29T21:51:01.000+0000,,,,,,,,,/services/images/photo/0030R000010PuykQAC,,,Pending,
0030R000010PuylQAC,,,0010R00000wEjJdQAK,Shrewsberry,Shonna,,Shonna Shrewsberry,7139 Kilback Mountains,Antonito,CO,81120,USA,,,,"{""city"":""Antonito"",""country"":""USA"",""geocodeAccuracy"":null,""latitude"":null,""longitude"":null,""postalCode"":""81120"",""state"":""CO"",""street"":""7139 Kilback Mountains""}",7139 Kilback Mountains,Antonito,CO,81120,USA,,,,"{""city"":""Antonito"",""country"":""USA"",""geocodeAccuracy"":null,""latitude"":null,""longitude"":null,""postalCode"":""81120"",""state"":""CO"",""street"":""7139 Kilback Mountains""}",(555) 880-4060,,(555) 386-4708,(555) 773-6695,,,,shonna.shrewsberry@example.com,,,,Other,1983-09-08,,0050R0000041BRPQA2,2020-01-29T21:51:01.000+0000,0050R0000041BRPQA2,2020-01-29T21:51:01.000+0000,0050R0000041BRPQA2,2020-01-29T21:51:01.000+0000,,,,,,,,,/services/images/photo/0030R000010PuylQAC,,,Pending,
0030R000010PuymQAC,,,0010R00000wEjJeQAK,Seegers,Angelo,,Angelo Seegers,1335 Madison St NE,Salem,OR,97301,USA,,,,"{""city"":""Salem"",""country"":""USA"",""geocodeAccuracy"":null,""latitude"":null,""longitude"":null,""postalCode"":""97301"",""state"":""OR"",""street"":""1335 Madison St NE""}",1335 Madison St NE,Salem,OR,97301,USA,,,,"{""city"":""Salem"",""country"":""USA"",""geocodeAccuracy"":null,""latitude"":null,""longitude"":null,""postalCode"":""97301"",""state"":""OR"",""street"":""1335 Madison St NE""}",(555) 351-8703,,(555) 736-7783,(555) 685-3847,,,,angelo.seegers@example.com,,,,Other,1995-03-28,,0050R0000041BRPQA2,2020-01-29T21:51:01.000+0000,0050R0000041BRPQA2,2020-01-29T21:51:01.000+0000,0050R0000041BRPQA2,2020-01-29T21:51:01.000+0000,,,,,,,,,/services/images/photo/0030R000010PuymQAC,,,Pending,
0030R000010PuynQAC,,,0010R00000wEjJfQAK,Dimoulakis,Barrie,,Barrie Dimoulakis,30208 Lookout Road,Paola,KS,66071,USA,,,,"{""city"":""Paola"",""country"":""USA"",""geocodeAccuracy"":null,""latitude"":null,""longitude"":null,""postalCode"":""66071"",""state"":""KS"",""street"":""30208 Lookout Road""}",30208 Lookout Road,Paola,KS,66071,USA,,,,"{""city"":""Paola"",""country"":""USA"",""geocodeAccuracy"":null,""latitude"":null,""longitude"":null,""postalCode"":""66071"",""state"":""KS"",""street"":""30208 Lookout Road""}",(555) 444-1385,,(555) 777-8607,(555) 850-1372,,,,barrie.dimoulakis@example.com,,,,Phone Inquiry,1964-06-21,,0050R0000041BRPQA2,2020-01-29T21:51:01.000+0000,0050R0000041BRPQA2,2020-01-29T21:51:01.000+0000,0050R0000041BRPQA2,2020-01-29T21:51:01.000+0000,,,,,,,,,/services/images/photo/0030R000010PuynQAC,,,Pending,
0030R000010PuyoQAC,,,0010R00000wEjJgQAK,Lajaunie,Hipolito,,Hipolito Lajaunie,542 Candido Hills,Miles City,MT,59301,USA,,,,"{""city"":""Miles City"",""country"":""USA"",""geocodeAccuracy"":null,""latitude"":null,""longitude"":null,""postalCode"":""59301"",""state"":""MT"",""street"":""542 Candido Hills""}",542 Candido Hills,Miles City,MT,59301,USA,,,,"{""city"":""Miles City"",""country"":""USA"",""geocodeAccuracy"":null,""latitude"":null,""longitude"":null,""postalCode"":""59301"",""state"":""MT"",""street"":""542 Candido Hills""}",(555) 637-5440,,(555) 205-4582,(555) 985-9256,,,,hipolito.lajaunie@example.com,,,,Partner Referral,1951-01-30,,0050R0000041BRPQA2,2020-01-29T21:51:01.000+0000,0050R0000041BRPQA2,2020-01-29T21:51:01.000+0000,0050R0000041BRPQA2,2020-01-29T21:51:01.000+0000,,,,,,,,,/services/images/photo/0030R000010PuyoQAC,,,Pending,
0030R000010PuypQAC,,,0010R00000wEjJhQAK,Tynes,Murray,,Murray Tynes,2550 Wasser Terrace,Herndon,VA,20171,USA,,,,"{""city"":""Herndon"",""country"":""USA"",""geocodeAccuracy"":null,""latitude"":null,""longitude"":null,""postalCode"":""20171"",""state"":""VA"",""street"":""2550 Wasser Terrace""}",2550 Wasser Terrace,Herndon,VA,20171,USA,,,,"{""city"":""Herndon"",""country"":""USA"",""geocodeAccuracy"":null,""latitude"":null,""longitude"":null,""postalCode"":""20171"",""state"":""VA"",""street"":""2550 Wasser Terrace""}",(555) 186-3746,,(555) 409-5954,(555) 473-8571,,,,murray.tynes@example.com,,,,Web,2001-01-30,,0050R0000041BRPQA2,2020-01-29T21:51:01.000+0000,0050R0000041BRPQA2,2020-01-29T21:51:01.000+0000,0050R0000041BRPQA2,2020-01-29T21:51:01.000+0000,,,,,,,,,/services/images/photo/0030R000010PuypQAC,,,Pending,
0030R000010PuyqQAC,,,0010R00000wEjJiQAK,Karr,Reema,,Reema Karr,658 Gibraltar Ct,Milpitas,CA,95035,USA,,,,"{""city"":""Milpitas"",""country"":""USA"",""geocodeAccuracy"":null,""latitude"":null,""longitude"":null,""postalCode"":""95035"",""state"":""CA"",""street"":""658 Gibraltar Ct""}",658 Gibraltar Ct,Milpitas,CA,95035,USA,,,,"{""city"":""Milpitas"",""country"":""USA"",""geocodeAccuracy"":null,""latitude"":null,""longitude"":null,""postalCode"":""95035"",""state"":""CA"",""street"":""658 Gibraltar Ct""}",(555) 671-1877,,(555) 120-8143,(555) 789-4711,,,,reema.karr@example.com,,,,Web,1961-09-03,,0050R0000041BRPQA2,2020-01-29T21:51:02.000+0000,0050R0000041BRPQA2,2020-01-29T21:51:02.000+0000,0050R0000041BRPQA2,2020-01-29T21:51:02.000+0000,,,,,,,,,/services/images/photo/0030R000010PuyqQAC,,,Pending,
0030R000010PuyrQAC,,,0010R00000wEjJjQAK,West,Mike,,Mike West,950 East Paces Ferry Road NE,Atlanta,GA,30326,USA,,,,"{""city"":""Atlanta"",""country"":""USA"",""geocodeAccuracy"":null,""latitude"":null,""longitude"":null,""postalCode"":""30326"",""state"":""GA"",""street"":""950 East Paces Ferry Road NE""}",950 East Paces Ferry Road NE,Atlanta,GA,30326,USA,,,,"{""city"":""Atlanta"",""country"":""USA"",""geocodeAccuracy"":null,""latitude"":null,""longitude"":null,""postalCode"":""30326"",""state"":""GA"",""street"":""950 East Paces Ferry Road NE""}",(555) 475-7160,,(555) 799-8204,(555) 636-1255,,,,mike.west@example.com,,,,Phone Inquiry,1980-12-18,,0050R0000041BRPQA2,2020-01-29T21:51:03.000+0000,0050R0000041BRPQA2,2020-01-29T21:51:03.000+0000,0050R0000041BRPQA2,2020-01-29T21:51:03.000+0000,,,,,,,,,/services/images/photo/0030R000010PuyrQAC,,,Pending,
